"caseId","targetKind","count"
"r2__weapon__A__42__control","lord","34"
"r2__weapon__A__43__control","lord","40"
"r2__weapon__A__43__control","ripe","2"
"r2__weapon__A__43__control","unknown","3"
"r2__weapon__A__44__control","lord","40"
"r2__weapon__A__44__control","ripe","1"
"r2__weapon__A__45__control","lord","24"
"r2__weapon__A__45__control","ripe","2"
"r2__weapon__A__46__control","lord","33"
"r2__weapon__A__46__control","ripe","2"
"r2__weapon__A__46__control","unknown","1"
"r2__weapon__A__47__control","lord","26"
"r2__weapon__A__48__control","lord","37"
"r2__weapon__A__49__control","lord","44"
"r2__weapon__A__49__control","unknown","2"
"r2__weapon__A__50__control","lord","27"
"r2__weapon__A__50__control","ripe","1"
"r2__weapon__A__51__control","lord","10"
"r2__weapon__A__52__control","lord","9"
"r2__weapon__A__53__control","lord","33"
"r2__weapon__A__54__control","lord","4"
"r2__weapon__A__55__control","lord","20"
"r2__weapon__A__55__control","ripe","6"
"r2__weapon__A__55__control","unknown","4"
"r2__weapon__A__56__control","lord","36"
"r2__weapon__A__56__control","unknown","1"
"r2__weapon__A__57__control","lord","43"
"r2__weapon__A__57__control","ripe","1"
"r2__weapon__A__58__control","lord","49"
"r2__weapon__A__58__control","unknown","1"
"r2__weapon__A__59__control","lord","39"
"r2__weapon__A__60__control","lord","19"
"r2__weapon__A__60__control","ripe","1"
"r2__weapon__A__61__control","lord","19"
"r2__weapon__A__62__control","lord","33"
"r2__weapon__A__62__control","ripe","3"
"r2__weapon__A__63__control","lord","25"
"r2__weapon__A__64__control","lord","14"
"r2__weapon__A__65__control","lord","43"
"r2__weapon__A__65__control","seed","1"
"r2__weapon__A__66__control","lord","36"
"r2__weapon__A__67__control","lord","52"
"r2__weapon__A__67__control","seed","1"
"r2__weapon__A__67__control","unknown","3"
"r2__weapon__A__68__control","lord","53"
"r2__weapon__A__69__control","lord","5"
"r2__weapon__A__70__control","lord","9"
"r2__weapon__A__70__control","ripe","3"
"r2__weapon__A__71__control","lord","28"
"r2__weapon__A__72__control","lord","34"
"r2__weapon__A__73__control","lord","30"
"r2__weapon__A__73__control","ripe","1"
"r2__weapon__A__73__control","seed","1"
"r2__weapon__B__42__control","lord","36"
"r2__weapon__B__42__control","unknown","1"
"r2__weapon__B__43__control","lord","40"
"r2__weapon__B__43__control","ripe","2"
"r2__weapon__B__43__control","unknown","3"
"r2__weapon__B__44__control","lord","44"
"r2__weapon__B__44__control","ripe","1"
"r2__weapon__B__45__control","lord","33"
"r2__weapon__B__45__control","ripe","2"
"r2__weapon__B__46__control","lord","28"
"r2__weapon__B__46__control","ripe","2"
"r2__weapon__B__47__control","lord","31"
"r2__weapon__B__47__control","unknown","1"
"r2__weapon__B__48__control","lord","37"
"r2__weapon__B__49__control","lord","44"
"r2__weapon__B__49__control","unknown","2"
"r2__weapon__B__50__control","lord","40"
"r2__weapon__B__50__control","ripe","1"
"r2__weapon__B__51__control","lord","42"
"r2__weapon__B__52__control","lord","36"
"r2__weapon__B__53__control","lord","28"
"r2__weapon__B__54__control","lord","31"
"r2__weapon__B__55__control","lord","38"
"r2__weapon__B__55__control","unknown","2"
"r2__weapon__B__56__control","lord","33"
"r2__weapon__B__56__control","unknown","2"
"r2__weapon__B__57__control","lord","41"
"r2__weapon__B__57__control","ripe","1"
"r2__weapon__B__57__control","unknown","4"
"r2__weapon__B__58__control","lord","61"
"r2__weapon__B__58__control","unknown","1"
"r2__weapon__B__59__control","lord","39"
"r2__weapon__B__60__control","lord","19"
"r2__weapon__B__60__control","ripe","1"
"r2__weapon__B__61__control","lord","26"
"r2__weapon__B__62__control","lord","33"
"r2__weapon__B__62__control","ripe","3"
"r2__weapon__B__63__control","lord","25"
"r2__weapon__B__64__control","lord","48"
"r2__weapon__B__65__control","lord","40"
"r2__weapon__B__65__control","seed","1"
"r2__weapon__B__66__control","lord","39"
"r2__weapon__B__67__control","lord","57"
"r2__weapon__B__67__control","seed","1"
"r2__weapon__B__67__control","unknown","4"
"r2__weapon__B__68__control","lord","54"
"r2__weapon__B__69__control","lord","30"
"r2__weapon__B__69__control","ripe","4"
"r2__weapon__B__69__control","unknown","1"
"r2__weapon__B__70__control","lord","24"
"r2__weapon__B__70__control","ripe","1"
"r2__weapon__B__70__control","seed","1"
"r2__weapon__B__70__control","unknown","1"
"r2__weapon__B__71__control","lord","63"
"r2__weapon__B__71__control","unknown","1"
"r2__weapon__B__72__control","lord","35"
"r2__weapon__B__72__control","unknown","5"
"r2__weapon__B__73__control","lord","30"
"r2__weapon__B__73__control","ripe","1"
"r2__weapon__B__73__control","seed","1"
"r2__weapon__C__42__control","lord","602"
"r2__weapon__C__43__control","lord","40"
"r2__weapon__C__43__control","ripe","2"
"r2__weapon__C__43__control","unknown","3"
"r2__weapon__C__44__control","lord","240"
"r2__weapon__C__44__control","ripe","1"
"r2__weapon__C__45__control","lord","425"
"r2__weapon__C__45__control","ripe","2"
"r2__weapon__C__46__control","lord","313"
"r2__weapon__C__46__control","ripe","2"
"r2__weapon__C__47__control","lord","1032"
"r2__weapon__C__47__control","seed","2"
"r2__weapon__C__48__control","lord","37"
"r2__weapon__C__49__control","lord","44"
"r2__weapon__C__49__control","unknown","2"
"r2__weapon__C__50__control","lord","392"
"r2__weapon__C__50__control","ripe","1"
"r2__weapon__C__51__control","lord","1133"
"r2__weapon__C__51__control","seed","1"
"r2__weapon__C__51__control","unknown","1"
"r2__weapon__C__52__control","lord","1160"
"r2__weapon__C__53__control","lord","1263"
"r2__weapon__C__54__control","lord","1014"
"r2__weapon__C__54__control","ripe","1"
"r2__weapon__C__54__control","seed","1"
"r2__weapon__C__55__control","lord","821"
"r2__weapon__C__55__control","ripe","3"
"r2__weapon__C__56__control","lord","616"
"r2__weapon__C__56__control","unknown","1"
"r2__weapon__C__57__control","lord","532"
"r2__weapon__C__57__control","ripe","1"
"r2__weapon__C__58__control","lord","930"
"r2__weapon__C__58__control","unknown","1"
"r2__weapon__C__59__control","lord","39"
"r2__weapon__C__60__control","lord","19"
"r2__weapon__C__60__control","ripe","1"
"r2__weapon__C__61__control","lord","984"
"r2__weapon__C__61__control","seed","2"
"r2__weapon__C__62__control","lord","33"
"r2__weapon__C__62__control","ripe","3"
"r2__weapon__C__63__control","lord","25"
"r2__weapon__C__64__control","lord","1469"
"r2__weapon__C__65__control","lord","129"
"r2__weapon__C__65__control","seed","1"
"r2__weapon__C__66__control","lord","345"
"r2__weapon__C__67__control","lord","1476"
"r2__weapon__C__67__control","seed","1"
"r2__weapon__C__67__control","unknown","3"
"r2__weapon__C__68__control","lord","515"
"r2__weapon__C__69__control","lord","1835"
"r2__weapon__C__69__control","seed","1"
"r2__weapon__C__70__control","lord","629"
"r2__weapon__C__70__control","ripe","1"
"r2__weapon__C__70__control","seed","1"
"r2__weapon__C__71__control","lord","983"
"r2__weapon__C__72__control","lord","1043"
"r2__weapon__C__73__control","lord","30"
"r2__weapon__C__73__control","ripe","1"
"r2__weapon__C__73__control","seed","1"
"r3__people__A__42__control","lord","16"
"r3__people__A__42__offense-off","lord","116"
"r3__people__A__42__offense-off","ripe","55"
"r3__people__A__42__offense-off","unknown","9"
"r3__people__A__43__control","lord","20"
"r3__people__A__43__control","ripe","2"
"r3__people__A__43__offense-off","lord","101"
"r3__people__A__43__offense-off","ripe","15"
"r3__people__A__44__control","lord","18"
"r3__people__A__44__control","ripe","2"
"r3__people__A__44__offense-off","lord","81"
"r3__people__A__44__offense-off","ripe","2"
"r3__people__A__45__control","lord","14"
"r3__people__A__45__control","ripe","9"
"r3__people__A__45__control","unknown","1"
"r3__people__A__45__offense-off","lord","82"
"r3__people__A__45__offense-off","ripe","47"
"r3__people__A__45__offense-off","unknown","7"
"r3__people__A__46__control","lord","13"
"r3__people__A__46__control","ripe","1"
"r3__people__A__46__offense-off","lord","200"
"r3__people__A__46__offense-off","ripe","39"
"r3__people__A__46__offense-off","seed","1"
"r3__people__A__46__offense-off","unknown","11"
"r3__people__A__47__control","lord","20"
"r3__people__A__47__offense-off","lord","76"
"r3__people__A__47__offense-off","ripe","2"
"r3__people__A__48__control","lord","18"
"r3__people__A__48__offense-off","lord","119"
"r3__people__A__48__offense-off","ripe","3"
"r3__people__A__48__offense-off","seed","2"
"r3__people__A__48__offense-off","unknown","2"
"r3__people__A__49__control","lord","36"
"r3__people__A__49__offense-off","lord","148"
"r3__people__A__49__offense-off","ripe","47"
"r3__people__A__49__offense-off","seed","1"
"r3__people__A__49__offense-off","unknown","8"
"r3__people__A__50__control","lord","19"
"r3__people__A__50__control","ripe","5"
"r3__people__A__50__offense-off","lord","85"
"r3__people__A__50__offense-off","ripe","6"
"r3__people__A__51__control","lord","7"
"r3__people__A__51__control","seed","1"
"r3__people__A__51__offense-off","lord","87"
"r3__people__A__51__offense-off","ripe","21"
"r3__people__A__51__offense-off","unknown","3"
"r3__people__A__52__control","lord","6"
"r3__people__A__52__offense-off","lord","81"
"r3__people__A__53__control","lord","17"
"r3__people__A__53__control","ripe","1"
"r3__people__A__53__offense-off","lord","159"
"r3__people__A__53__offense-off","ripe","9"
"r3__people__A__53__offense-off","unknown","2"
"r3__people__A__54__control","lord","8"
"r3__people__A__54__offense-off","lord","74"
"r3__people__A__54__offense-off","ripe","7"
"r3__people__A__55__control","lord","10"
"r3__people__A__55__control","ripe","1"
"r3__people__A__55__offense-off","lord","65"
"r3__people__A__55__offense-off","ripe","5"
"r3__people__A__55__offense-off","seed","2"
"r3__people__A__56__control","lord","8"
"r3__people__A__56__control","ripe","3"
"r3__people__A__56__offense-off","lord","105"
"r3__people__A__56__offense-off","ripe","4"
"r3__people__A__56__offense-off","unknown","1"
"r3__people__A__57__control","lord","9"
"r3__people__A__57__offense-off","lord","98"
"r3__people__A__57__offense-off","ripe","5"
"r3__people__A__58__control","lord","37"
"r3__people__A__58__control","seed","1"
"r3__people__A__58__control","unknown","1"
"r3__people__A__58__offense-off","lord","74"
"r3__people__A__59__control","lord","33"
"r3__people__A__59__offense-off","lord","78"
"r3__people__A__59__offense-off","ripe","7"
"r3__people__A__59__offense-off","unknown","2"
"r3__people__A__60__control","lord","21"
"r3__people__A__60__control","ripe","1"
"r3__people__A__60__offense-off","lord","92"
"r3__people__A__60__offense-off","ripe","24"
"r3__people__A__60__offense-off","seed","1"
"r3__people__A__60__offense-off","unknown","8"
"r3__people__A__61__control","lord","43"
"r3__people__A__61__offense-off","lord","72"
"r3__people__A__61__offense-off","ripe","5"
"r3__people__A__62__control","lord","16"
"r3__people__A__62__control","ripe","6"
"r3__people__A__62__offense-off","lord","118"
"r3__people__A__62__offense-off","ripe","66"
"r3__people__A__62__offense-off","unknown","9"
"r3__people__A__63__control","lord","9"
"r3__people__A__63__offense-off","lord","93"
"r3__people__A__63__offense-off","ripe","4"
"r3__people__A__64__control","lord","16"
"r3__people__A__64__offense-off","lord","100"
"r3__people__A__64__offense-off","ripe","5"
"r3__people__A__64__offense-off","seed","2"
"r3__people__A__64__offense-off","unknown","2"
"r3__people__A__65__control","lord","15"
"r3__people__A__65__control","seed","1"
"r3__people__A__65__offense-off","lord","92"
"r3__people__A__65__offense-off","ripe","6"
"r3__people__A__65__offense-off","seed","2"
"r3__people__A__65__offense-off","unknown","1"
"r3__people__A__66__control","lord","44"
"r3__people__A__66__control","ripe","10"
"r3__people__A__66__offense-off","lord","117"
"r3__people__A__66__offense-off","ripe","4"
"r3__people__A__67__control","lord","10"
"r3__people__A__67__offense-off","lord","71"
"r3__people__A__67__offense-off","ripe","5"
"r3__people__A__68__control","lord","38"
"r3__people__A__68__control","unknown","1"
"r3__people__A__68__offense-off","lord","111"
"r3__people__A__68__offense-off","ripe","14"
"r3__people__A__68__offense-off","seed","1"
"r3__people__A__68__offense-off","unknown","4"
"r3__people__A__69__control","lord","8"
"r3__people__A__69__offense-off","lord","94"
"r3__people__A__69__offense-off","ripe","8"
"r3__people__A__69__offense-off","seed","1"
"r3__people__A__69__offense-off","unknown","4"
"r3__people__A__70__control","lord","6"
"r3__people__A__70__control","ripe","1"
"r3__people__A__70__offense-off","lord","139"
"r3__people__A__70__offense-off","ripe","81"
"r3__people__A__70__offense-off","unknown","4"
"r3__people__A__71__control","lord","9"
"r3__people__A__71__offense-off","lord","90"
"r3__people__A__71__offense-off","seed","1"
"r3__people__A__71__offense-off","unknown","3"
"r3__people__A__72__control","lord","20"
"r3__people__A__72__offense-off","lord","123"
"r3__people__A__73__control","lord","37"
"r3__people__A__73__control","ripe","1"
"r3__people__A__73__control","seed","1"
"r3__people__A__73__offense-off","lord","114"
"r3__people__A__73__offense-off","ripe","47"
"r3__people__A__73__offense-off","seed","2"
"r3__people__A__73__offense-off","unknown","6"
"r3__people__B__42__control","lord","45"
"r3__people__B__42__control","unknown","1"
"r3__people__B__42__offense-off","lord","781"
"r3__people__B__42__offense-off","ripe","55"
"r3__people__B__42__offense-off","seed","7"
"r3__people__B__42__offense-off","unknown","22"
"r3__people__B__43__control","lord","31"
"r3__people__B__43__control","ripe","2"
"r3__people__B__43__control","unknown","1"
"r3__people__B__43__offense-off","lord","359"
"r3__people__B__43__offense-off","ripe","151"
"r3__people__B__43__offense-off","unknown","32"
"r3__people__B__44__control","lord","30"
"r3__people__B__44__control","ripe","2"
"r3__people__B__44__offense-off","lord","1025"
"r3__people__B__44__offense-off","ripe","2"
"r3__people__B__44__offense-off","seed","9"
"r3__people__B__44__offense-off","unknown","53"
"r3__people__B__45__control","lord","58"
"r3__people__B__45__control","ripe","9"
"r3__people__B__45__control","unknown","1"
"r3__people__B__45__offense-off","lord","232"
"r3__people__B__45__offense-off","ripe","50"
"r3__people__B__45__offense-off","seed","2"
"r3__people__B__45__offense-off","unknown","13"
"r3__people__B__46__control","lord","35"
"r3__people__B__46__control","ripe","1"
"r3__people__B__46__offense-off","lord","230"
"r3__people__B__46__offense-off","ripe","39"
"r3__people__B__46__offense-off","seed","1"
"r3__people__B__46__offense-off","unknown","13"
"r3__people__B__47__control","lord","32"
"r3__people__B__47__offense-off","lord","228"
"r3__people__B__47__offense-off","ripe","163"
"r3__people__B__47__offense-off","seed","2"
"r3__people__B__47__offense-off","unknown","25"
"r3__people__B__48__control","lord","31"
"r3__people__B__48__offense-off","lord","107"
"r3__people__B__48__offense-off","seed","3"
"r3__people__B__48__offense-off","unknown","8"
"r3__people__B__49__control","lord","44"
"r3__people__B__49__offense-off","lord","825"
"r3__people__B__49__offense-off","ripe","394"
"r3__people__B__49__offense-off","seed","6"
"r3__people__B__49__offense-off","unknown","39"
"r3__people__B__50__control","lord","48"
"r3__people__B__50__control","ripe","1"
"r3__people__B__50__control","unknown","1"
"r3__people__B__50__offense-off","lord","1459"
"r3__people__B__50__offense-off","ripe","6"
"r3__people__B__50__offense-off","seed","6"
"r3__people__B__50__offense-off","unknown","50"
"r3__people__B__51__control","lord","30"
"r3__people__B__51__control","unknown","2"
"r3__people__B__51__offense-off","lord","869"
"r3__people__B__51__offense-off","ripe","33"
"r3__people__B__51__offense-off","seed","3"
"r3__people__B__51__offense-off","unknown","16"
"r3__people__B__52__control","lord","32"
"r3__people__B__52__offense-off","lord","1110"
"r3__people__B__52__offense-off","seed","1"
"r3__people__B__52__offense-off","unknown","16"
"r3__people__B__53__control","lord","41"
"r3__people__B__53__control","ripe","1"
"r3__people__B__53__offense-off","lord","278"
"r3__people__B__53__offense-off","ripe","5"
"r3__people__B__53__offense-off","unknown","9"
"r3__people__B__54__control","lord","40"
"r3__people__B__54__offense-off","lord","99"
"r3__people__B__54__offense-off","ripe","5"
"r3__people__B__54__offense-off","seed","1"
"r3__people__B__54__offense-off","unknown","3"
"r3__people__B__55__control","lord","36"
"r3__people__B__55__offense-off","lord","159"
"r3__people__B__55__offense-off","ripe","671"
"r3__people__B__55__offense-off","seed","1"
"r3__people__B__55__offense-off","unknown","53"
"r3__people__B__56__control","lord","38"
"r3__people__B__56__offense-off","lord","1183"
"r3__people__B__56__offense-off","ripe","4"
"r3__people__B__56__offense-off","seed","1"
"r3__people__B__56__offense-off","unknown","13"
"r3__people__B__57__control","lord","33"
"r3__people__B__57__control","unknown","1"
"r3__people__B__57__offense-off","lord","747"
"r3__people__B__57__offense-off","ripe","61"
"r3__people__B__57__offense-off","seed","1"
"r3__people__B__57__offense-off","unknown","26"
"r3__people__B__58__control","lord","41"
"r3__people__B__58__control","seed","1"
"r3__people__B__58__control","unknown","2"
"r3__people__B__58__offense-off","lord","653"
"r3__people__B__58__offense-off","seed","5"
"r3__people__B__58__offense-off","unknown","31"
"r3__people__B__59__control","lord","52"
"r3__people__B__59__control","unknown","2"
"r3__people__B__59__offense-off","lord","318"
"r3__people__B__59__offense-off","ripe","7"
"r3__people__B__59__offense-off","seed","3"
"r3__people__B__59__offense-off","unknown","45"
"r3__people__B__60__control","lord","30"
"r3__people__B__60__control","ripe","1"
"r3__people__B__60__control","unknown","2"
"r3__people__B__60__offense-off","lord","119"
"r3__people__B__60__offense-off","ripe","50"
"r3__people__B__60__offense-off","seed","1"
"r3__people__B__60__offense-off","unknown","19"
"r3__people__B__61__control","lord","48"
"r3__people__B__61__offense-off","lord","172"
"r3__people__B__61__offense-off","ripe","31"
"r3__people__B__61__offense-off","unknown","10"
"r3__people__B__62__control","lord","28"
"r3__people__B__62__control","ripe","6"
"r3__people__B__62__offense-off","lord","209"
"r3__people__B__62__offense-off","ripe","66"
"r3__people__B__62__offense-off","seed","3"
"r3__people__B__62__offense-off","unknown","19"
"r3__people__B__63__control","lord","46"
"r3__people__B__63__control","unknown","2"
"r3__people__B__63__offense-off","lord","220"
"r3__people__B__63__offense-off","ripe","15"
"r3__people__B__63__offense-off","seed","1"
"r3__people__B__63__offense-off","unknown","13"
"r3__people__B__64__control","lord","44"
"r3__people__B__64__control","unknown","1"
"r3__people__B__64__offense-off","lord","1019"
"r3__people__B__64__offense-off","ripe","5"
"r3__people__B__64__offense-off","seed","2"
"r3__people__B__64__offense-off","unknown","10"
"r3__people__B__65__control","lord","49"
"r3__people__B__65__control","seed","1"
"r3__people__B__65__control","unknown","2"
"r3__people__B__65__offense-off","lord","870"
"r3__people__B__65__offense-off","ripe","59"
"r3__people__B__65__offense-off","seed","1"
"r3__people__B__65__offense-off","unknown","18"
"r3__people__B__66__control","lord","39"
"r3__people__B__66__offense-off","lord","763"
"r3__people__B__66__offense-off","ripe","4"
"r3__people__B__66__offense-off","seed","1"
"r3__people__B__66__offense-off","unknown","12"
"r3__people__B__67__control","lord","36"
"r3__people__B__67__offense-off","lord","552"
"r3__people__B__67__offense-off","ripe","20"
"r3__people__B__67__offense-off","seed","4"
"r3__people__B__67__offense-off","unknown","24"
"r3__people__B__68__control","lord","40"
"r3__people__B__68__control","unknown","1"
"r3__people__B__68__offense-off","lord","106"
"r3__people__B__68__offense-off","ripe","12"
"r3__people__B__68__offense-off","seed","1"
"r3__people__B__68__offense-off","unknown","8"
"r3__people__B__69__control","lord","38"
"r3__people__B__69__control","ripe","4"
"r3__people__B__69__offense-off","lord","198"
"r3__people__B__69__offense-off","ripe","8"
"r3__people__B__69__offense-off","seed","2"
"r3__people__B__69__offense-off","unknown","12"
"r3__people__B__70__control","lord","35"
"r3__people__B__70__control","ripe","1"
"r3__people__B__70__offense-off","lord","212"
"r3__people__B__70__offense-off","ripe","266"
"r3__people__B__70__offense-off","seed","1"
"r3__people__B__70__offense-off","unknown","26"
"r3__people__B__71__control","lord","31"
"r3__people__B__71__offense-off","lord","221"
"r3__people__B__71__offense-off","seed","2"
"r3__people__B__71__offense-off","unknown","14"
"r3__people__B__72__control","lord","38"
"r3__people__B__72__control","unknown","3"
"r3__people__B__72__offense-off","lord","813"
"r3__people__B__72__offense-off","seed","1"
"r3__people__B__72__offense-off","unknown","11"
"r3__people__B__73__control","lord","35"
"r3__people__B__73__control","ripe","1"
"r3__people__B__73__control","seed","1"
"r3__people__B__73__control","unknown","2"
"r3__people__B__73__offense-off","lord","873"
"r3__people__B__73__offense-off","ripe","64"
"r3__people__B__73__offense-off","seed","5"
"r3__people__B__73__offense-off","unknown","31"
"r3__people__C__42__control","lord","1145"
"r3__people__C__42__offense-off","lord","331"
"r3__people__C__42__offense-off","ripe","55"
"r3__people__C__42__offense-off","seed","1"
"r3__people__C__42__offense-off","unknown","9"
"r3__people__C__43__control","lord","1119"
"r3__people__C__43__control","ripe","2"
"r3__people__C__43__control","seed","1"
"r3__people__C__43__control","unknown","7"
"r3__people__C__43__offense-off","lord","2533"
"r3__people__C__43__offense-off","ripe","15"
"r3__people__C__43__offense-off","seed","82"
"r3__people__C__44__control","lord","1267"
"r3__people__C__44__control","ripe","2"
"r3__people__C__44__offense-off","lord","3970"
"r3__people__C__44__offense-off","ripe","2"
"r3__people__C__45__control","lord","729"
"r3__people__C__45__control","ripe","9"
"r3__people__C__45__control","unknown","1"
"r3__people__C__45__offense-off","lord","3665"
"r3__people__C__45__offense-off","ripe","47"
"r3__people__C__45__offense-off","unknown","7"
"r3__people__C__46__control","lord","1256"
"r3__people__C__46__control","ripe","1"
"r3__people__C__46__offense-off","lord","539"
"r3__people__C__46__offense-off","ripe","39"
"r3__people__C__46__offense-off","seed","1"
"r3__people__C__46__offense-off","unknown","11"
"r3__people__C__47__control","lord","494"
"r3__people__C__47__control","unknown","1"
"r3__people__C__47__offense-off","lord","1511"
"r3__people__C__47__offense-off","ripe","1"
"r3__people__C__48__control","lord","491"
"r3__people__C__48__control","ripe","22"
"r3__people__C__48__control","unknown","2"
"r3__people__C__48__offense-off","lord","1697"
"r3__people__C__48__offense-off","ripe","24"
"r3__people__C__48__offense-off","seed","2"
"r3__people__C__48__offense-off","unknown","3"
"r3__people__C__49__control","lord","1082"
"r3__people__C__49__offense-off","lord","2021"
"r3__people__C__49__offense-off","ripe","53"
"r3__people__C__49__offense-off","seed","1"
"r3__people__C__49__offense-off","unknown","11"
"r3__people__C__50__control","lord","951"
"r3__people__C__50__control","ripe","5"
"r3__people__C__50__control","seed","1"
"r3__people__C__50__control","unknown","1"
"r3__people__C__50__offense-off","lord","2268"
"r3__people__C__50__offense-off","ripe","6"
"r3__people__C__50__offense-off","seed","8"
"r3__people__C__51__control","lord","1618"
"r3__people__C__51__control","seed","1"
"r3__people__C__51__offense-off","lord","4219"
"r3__people__C__51__offense-off","ripe","21"
"r3__people__C__51__offense-off","seed","5"
"r3__people__C__51__offense-off","unknown","6"
"r3__people__C__52__control","lord","1239"
"r3__people__C__52__control","unknown","11"
"r3__people__C__52__offense-off","lord","3115"
"r3__people__C__53__control","lord","690"
"r3__people__C__53__control","ripe","1"
"r3__people__C__53__offense-off","lord","1073"
"r3__people__C__53__offense-off","ripe","5"
"r3__people__C__53__offense-off","seed","3"
"r3__people__C__53__offense-off","unknown","3"
"r3__people__C__54__control","lord","1165"
"r3__people__C__54__control","unknown","1"
"r3__people__C__54__offense-off","lord","1084"
"r3__people__C__54__offense-off","ripe","7"
"r3__people__C__55__control","lord","250"
"r3__people__C__55__control","ripe","1"
"r3__people__C__55__offense-off","lord","3309"
"r3__people__C__55__offense-off","ripe","3"
"r3__people__C__55__offense-off","seed","4"
"r3__people__C__56__control","lord","538"
"r3__people__C__56__offense-off","lord","2571"
"r3__people__C__56__offense-off","ripe","4"
"r3__people__C__56__offense-off","seed","8"
"r3__people__C__56__offense-off","unknown","10"
"r3__people__C__57__control","lord","1117"
"r3__people__C__57__offense-off","lord","3754"
"r3__people__C__57__offense-off","ripe","5"
"r3__people__C__57__offense-off","seed","2"
"r3__people__C__57__offense-off","unknown","1"
"r3__people__C__58__control","lord","2391"
"r3__people__C__58__control","seed","3"
"r3__people__C__58__control","unknown","2"
"r3__people__C__58__offense-off","lord","2477"
"r3__people__C__58__offense-off","seed","1"
"r3__people__C__59__control","lord","1286"
"r3__people__C__59__offense-off","lord","1479"
"r3__people__C__59__offense-off","ripe","11"
"r3__people__C__59__offense-off","unknown","3"
"r3__people__C__60__control","lord","834"
"r3__people__C__60__control","ripe","1"
"r3__people__C__60__offense-off","lord","3657"
"r3__people__C__60__offense-off","ripe","24"
"r3__people__C__60__offense-off","seed","24"
"r3__people__C__60__offense-off","unknown","8"
"r3__people__C__61__control","lord","331"
"r3__people__C__61__offense-off","lord","1701"
"r3__people__C__61__offense-off","ripe","5"
"r3__people__C__62__control","lord","647"
"r3__people__C__62__control","ripe","6"
"r3__people__C__62__control","unknown","1"
"r3__people__C__62__offense-off","lord","1330"
"r3__people__C__62__offense-off","ripe","68"
"r3__people__C__62__offense-off","unknown","9"
"r3__people__C__63__control","lord","338"
"r3__people__C__63__offense-off","lord","785"
"r3__people__C__63__offense-off","ripe","8"
"r3__people__C__63__offense-off","seed","18"
"r3__people__C__63__offense-off","unknown","4"
"r3__people__C__64__control","lord","1013"
"r3__people__C__64__offense-off","lord","1306"
"r3__people__C__64__offense-off","ripe","24"
"r3__people__C__64__offense-off","seed","2"
"r3__people__C__64__offense-off","unknown","11"
"r3__people__C__65__control","lord","1022"
"r3__people__C__65__control","seed","1"
"r3__people__C__65__offense-off","lord","3457"
"r3__people__C__65__offense-off","ripe","4"
"r3__people__C__65__offense-off","unknown","2"
"r3__people__C__66__control","lord","316"
"r3__people__C__66__offense-off","lord","1690"
"r3__people__C__66__offense-off","ripe","4"
"r3__people__C__67__control","lord","1113"
"r3__people__C__67__control","seed","2"
"r3__people__C__67__control","unknown","8"
"r3__people__C__67__offense-off","lord","4248"
"r3__people__C__67__offense-off","ripe","7"
"r3__people__C__67__offense-off","unknown","1"
"r3__people__C__68__control","lord","1209"
"r3__people__C__68__control","unknown","1"
"r3__people__C__68__offense-off","lord","1696"
"r3__people__C__68__offense-off","ripe","12"
"r3__people__C__68__offense-off","seed","3"
"r3__people__C__68__offense-off","unknown","4"
"r3__people__C__69__control","lord","863"
"r3__people__C__69__offense-off","lord","4154"
"r3__people__C__69__offense-off","ripe","8"
"r3__people__C__69__offense-off","seed","1"
"r3__people__C__69__offense-off","unknown","4"
"r3__people__C__70__control","lord","543"
"r3__people__C__70__control","ripe","1"
"r3__people__C__70__offense-off","lord","2950"
"r3__people__C__70__offense-off","ripe","80"
"r3__people__C__70__offense-off","unknown","4"
"r3__people__C__71__control","lord","1287"
"r3__people__C__71__offense-off","lord","1861"
"r3__people__C__71__offense-off","ripe","5"
"r3__people__C__71__offense-off","seed","1"
"r3__people__C__71__offense-off","unknown","3"
"r3__people__C__72__control","lord","1110"
"r3__people__C__72__control","seed","1"
"r3__people__C__72__offense-off","lord","3233"
"r3__people__C__73__control","lord","667"
"r3__people__C__73__control","ripe","1"
"r3__people__C__73__control","seed","1"
"r3__people__C__73__offense-off","lord","3912"
"r3__people__C__73__offense-off","ripe","47"
"r3__people__C__73__offense-off","seed","4"
"r3__people__C__73__offense-off","unknown","6"
"r3__weapon__A__42__control","lord","34"
"r3__weapon__A__42__offense-off","lord","141"
"r3__weapon__A__42__offense-off","ripe","2"
"r3__weapon__A__43__control","lord","40"
"r3__weapon__A__43__control","ripe","2"
"r3__weapon__A__43__control","unknown","3"
"r3__weapon__A__43__offense-off","lord","118"
"r3__weapon__A__43__offense-off","ripe","15"
"r3__weapon__A__44__control","lord","40"
"r3__weapon__A__44__control","ripe","1"
"r3__weapon__A__44__offense-off","lord","92"
"r3__weapon__A__44__offense-off","ripe","10"
"r3__weapon__A__44__offense-off","seed","1"
"r3__weapon__A__44__offense-off","unknown","2"
"r3__weapon__A__45__control","lord","24"
"r3__weapon__A__45__control","ripe","2"
"r3__weapon__A__45__offense-off","lord","116"
"r3__weapon__A__45__offense-off","ripe","26"
"r3__weapon__A__45__offense-off","unknown","1"
"r3__weapon__A__46__control","lord","33"
"r3__weapon__A__46__control","ripe","2"
"r3__weapon__A__46__control","unknown","1"
"r3__weapon__A__46__offense-off","lord","148"
"r3__weapon__A__46__offense-off","ripe","22"
"r3__weapon__A__46__offense-off","seed","3"
"r3__weapon__A__46__offense-off","unknown","2"
"r3__weapon__A__47__control","lord","26"
"r3__weapon__A__47__offense-off","lord","50"
"r3__weapon__A__47__offense-off","ripe","22"
"r3__weapon__A__47__offense-off","unknown","1"
"r3__weapon__A__48__control","lord","35"
"r3__weapon__A__48__offense-off","lord","133"
"r3__weapon__A__48__offense-off","ripe","10"
"r3__weapon__A__48__offense-off","seed","2"
"r3__weapon__A__48__offense-off","unknown","3"
"r3__weapon__A__49__control","lord","36"
"r3__weapon__A__49__control","unknown","3"
"r3__weapon__A__49__offense-off","lord","380"
"r3__weapon__A__49__offense-off","ripe","61"
"r3__weapon__A__49__offense-off","seed","1"
"r3__weapon__A__49__offense-off","unknown","8"
"r3__weapon__A__50__control","lord","27"
"r3__weapon__A__50__control","ripe","1"
"r3__weapon__A__50__offense-off","lord","1117"
"r3__weapon__A__50__offense-off","ripe","10"
"r3__weapon__A__50__offense-off","seed","2"
"r3__weapon__A__50__offense-off","unknown","4"
"r3__weapon__A__51__control","lord","10"
"r3__weapon__A__51__offense-off","lord","334"
"r3__weapon__A__51__offense-off","ripe","5"
"r3__weapon__A__51__offense-off","unknown","1"
"r3__weapon__A__52__control","lord","9"
"r3__weapon__A__52__offense-off","lord","64"
"r3__weapon__A__53__control","lord","33"
"r3__weapon__A__53__offense-off","lord","135"
"r3__weapon__A__53__offense-off","ripe","8"
"r3__weapon__A__53__offense-off","seed","1"
"r3__weapon__A__53__offense-off","unknown","5"
"r3__weapon__A__54__control","lord","18"
"r3__weapon__A__54__offense-off","lord","36"
"r3__weapon__A__54__offense-off","ripe","5"
"r3__weapon__A__54__offense-off","seed","1"
"r3__weapon__A__55__control","lord","20"
"r3__weapon__A__55__control","ripe","5"
"r3__weapon__A__55__control","unknown","4"
"r3__weapon__A__55__offense-off","lord","100"
"r3__weapon__A__55__offense-off","ripe","40"
"r3__weapon__A__55__offense-off","seed","5"
"r3__weapon__A__55__offense-off","unknown","15"
"r3__weapon__A__56__control","lord","33"
"r3__weapon__A__56__control","unknown","1"
"r3__weapon__A__56__offense-off","lord","235"
"r3__weapon__A__56__offense-off","ripe","4"
"r3__weapon__A__56__offense-off","unknown","3"
"r3__weapon__A__57__control","lord","43"
"r3__weapon__A__57__control","ripe","1"
"r3__weapon__A__57__offense-off","lord","76"
"r3__weapon__A__57__offense-off","ripe","66"
"r3__weapon__A__57__offense-off","seed","2"
"r3__weapon__A__57__offense-off","unknown","2"
"r3__weapon__A__58__control","lord","49"
"r3__weapon__A__58__control","unknown","1"
"r3__weapon__A__58__offense-off","lord","184"
"r3__weapon__A__58__offense-off","seed","3"
"r3__weapon__A__58__offense-off","unknown","4"
"r3__weapon__A__59__control","lord","39"
"r3__weapon__A__59__offense-off","lord","163"
"r3__weapon__A__59__offense-off","ripe","8"
"r3__weapon__A__59__offense-off","unknown","3"
"r3__weapon__A__60__control","lord","20"
"r3__weapon__A__60__control","ripe","1"
"r3__weapon__A__60__offense-off","lord","155"
"r3__weapon__A__60__offense-off","ripe","6"
"r3__weapon__A__60__offense-off","unknown","4"
"r3__weapon__A__61__control","lord","19"
"r3__weapon__A__61__offense-off","lord","87"
"r3__weapon__A__61__offense-off","ripe","16"
"r3__weapon__A__61__offense-off","unknown","1"
"r3__weapon__A__62__control","lord","33"
"r3__weapon__A__62__control","ripe","3"
"r3__weapon__A__62__offense-off","lord","228"
"r3__weapon__A__62__offense-off","ripe","161"
"r3__weapon__A__62__offense-off","seed","1"
"r3__weapon__A__62__offense-off","unknown","27"
"r3__weapon__A__63__control","lord","25"
"r3__weapon__A__63__offense-off","lord","129"
"r3__weapon__A__63__offense-off","ripe","7"
"r3__weapon__A__63__offense-off","unknown","2"
"r3__weapon__A__64__control","lord","14"
"r3__weapon__A__64__offense-off","lord","551"
"r3__weapon__A__64__offense-off","ripe","5"
"r3__weapon__A__64__offense-off","seed","3"
"r3__weapon__A__64__offense-off","unknown","15"
"r3__weapon__A__65__control","lord","43"
"r3__weapon__A__65__control","seed","1"
"r3__weapon__A__65__offense-off","lord","97"
"r3__weapon__A__65__offense-off","ripe","11"
"r3__weapon__A__66__control","lord","40"
"r3__weapon__A__66__offense-off","lord","111"
"r3__weapon__A__66__offense-off","ripe","47"
"r3__weapon__A__66__offense-off","unknown","6"
"r3__weapon__A__67__control","lord","39"
"r3__weapon__A__67__control","seed","2"
"r3__weapon__A__67__control","unknown","1"
"r3__weapon__A__67__offense-off","lord","89"
"r3__weapon__A__67__offense-off","ripe","17"
"r3__weapon__A__67__offense-off","unknown","1"
"r3__weapon__A__68__control","lord","44"
"r3__weapon__A__68__offense-off","lord","156"
"r3__weapon__A__68__offense-off","seed","2"
"r3__weapon__A__68__offense-off","unknown","2"
"r3__weapon__A__69__control","lord","5"
"r3__weapon__A__69__offense-off","lord","90"
"r3__weapon__A__69__offense-off","ripe","8"
"r3__weapon__A__69__offense-off","seed","1"
"r3__weapon__A__69__offense-off","unknown","5"
"r3__weapon__A__70__control","lord","9"
"r3__weapon__A__70__control","ripe","3"
"r3__weapon__A__70__offense-off","lord","120"
"r3__weapon__A__70__offense-off","ripe","19"
"r3__weapon__A__71__control","lord","28"
"r3__weapon__A__71__offense-off","lord","86"
"r3__weapon__A__71__offense-off","ripe","1"
"r3__weapon__A__71__offense-off","unknown","1"
"r3__weapon__A__72__control","lord","34"
"r3__weapon__A__72__offense-off","lord","91"
"r3__weapon__A__73__control","lord","30"
"r3__weapon__A__73__control","ripe","1"
"r3__weapon__A__73__control","seed","1"
"r3__weapon__A__73__offense-off","lord","90"
"r3__weapon__A__73__offense-off","ripe","20"
"r3__weapon__A__73__offense-off","unknown","2"
"r3__weapon__B__42__control","lord","56"
"r3__weapon__B__42__control","unknown","1"
"r3__weapon__B__42__offense-off","lord","993"
"r3__weapon__B__42__offense-off","ripe","60"
"r3__weapon__B__42__offense-off","unknown","12"
"r3__weapon__B__43__control","lord","40"
"r3__weapon__B__43__control","ripe","2"
"r3__weapon__B__43__control","unknown","3"
"r3__weapon__B__43__offense-off","lord","619"
"r3__weapon__B__43__offense-off","ripe","85"
"r3__weapon__B__43__offense-off","seed","4"
"r3__weapon__B__43__offense-off","unknown","19"
"r3__weapon__B__44__control","lord","44"
"r3__weapon__B__44__control","ripe","1"
"r3__weapon__B__44__offense-off","lord","92"
"r3__weapon__B__44__offense-off","ripe","10"
"r3__weapon__B__44__offense-off","seed","1"
"r3__weapon__B__44__offense-off","unknown","2"
"r3__weapon__B__45__control","lord","33"
"r3__weapon__B__45__control","ripe","2"
"r3__weapon__B__45__offense-off","lord","368"
"r3__weapon__B__45__offense-off","ripe","26"
"r3__weapon__B__45__offense-off","seed","1"
"r3__weapon__B__45__offense-off","unknown","4"
"r3__weapon__B__46__control","lord","28"
"r3__weapon__B__46__control","ripe","2"
"r3__weapon__B__46__offense-off","lord","302"
"r3__weapon__B__46__offense-off","ripe","22"
"r3__weapon__B__46__offense-off","seed","2"
"r3__weapon__B__46__offense-off","unknown","8"
"r3__weapon__B__47__control","lord","32"
"r3__weapon__B__47__control","unknown","1"
"r3__weapon__B__47__offense-off","lord","67"
"r3__weapon__B__47__offense-off","ripe","22"
"r3__weapon__B__47__offense-off","unknown","3"
"r3__weapon__B__48__control","lord","35"
"r3__weapon__B__48__offense-off","lord","166"
"r3__weapon__B__48__offense-off","seed","6"
"r3__weapon__B__48__offense-off","unknown","4"
"r3__weapon__B__49__control","lord","36"
"r3__weapon__B__49__control","unknown","3"
"r3__weapon__B__49__offense-off","lord","321"
"r3__weapon__B__49__offense-off","ripe","61"
"r3__weapon__B__49__offense-off","seed","1"
"r3__weapon__B__49__offense-off","unknown","8"
"r3__weapon__B__50__control","lord","37"
"r3__weapon__B__50__control","ripe","1"
"r3__weapon__B__50__offense-off","lord","1137"
"r3__weapon__B__50__offense-off","ripe","28"
"r3__weapon__B__50__offense-off","seed","3"
"r3__weapon__B__50__offense-off","unknown","6"
"r3__weapon__B__51__control","lord","41"
"r3__weapon__B__51__offense-off","lord","569"
"r3__weapon__B__51__offense-off","ripe","5"
"r3__weapon__B__51__offense-off","unknown","1"
"r3__weapon__B__52__control","lord","36"
"r3__weapon__B__52__offense-off","lord","956"
"r3__weapon__B__52__offense-off","seed","4"
"r3__weapon__B__52__offense-off","unknown","20"
"r3__weapon__B__53__control","lord","29"
"r3__weapon__B__53__offense-off","lord","167"
"r3__weapon__B__53__offense-off","ripe","14"
"r3__weapon__B__53__offense-off","seed","3"
"r3__weapon__B__53__offense-off","unknown","19"
"r3__weapon__B__54__control","lord","31"
"r3__weapon__B__54__control","unknown","1"
"r3__weapon__B__54__offense-off","lord","36"
"r3__weapon__B__54__offense-off","ripe","5"
"r3__weapon__B__54__offense-off","seed","1"
"r3__weapon__B__55__control","lord","38"
"r3__weapon__B__55__control","unknown","2"
"r3__weapon__B__55__offense-off","lord","92"
"r3__weapon__B__55__offense-off","ripe","36"
"r3__weapon__B__55__offense-off","seed","5"
"r3__weapon__B__55__offense-off","unknown","16"
"r3__weapon__B__56__control","lord","33"
"r3__weapon__B__56__control","unknown","1"
"r3__weapon__B__56__offense-off","lord","180"
"r3__weapon__B__56__offense-off","ripe","4"
"r3__weapon__B__56__offense-off","unknown","3"
"r3__weapon__B__57__control","lord","40"
"r3__weapon__B__57__control","ripe","1"
"r3__weapon__B__57__offense-off","lord","76"
"r3__weapon__B__57__offense-off","ripe","66"
"r3__weapon__B__57__offense-off","seed","2"
"r3__weapon__B__57__offense-off","unknown","2"
"r3__weapon__B__58__control","lord","61"
"r3__weapon__B__58__control","unknown","1"
"r3__weapon__B__58__offense-off","lord","758"
"r3__weapon__B__58__offense-off","seed","3"
"r3__weapon__B__58__offense-off","unknown","18"
"r3__weapon__B__59__control","lord","39"
"r3__weapon__B__59__offense-off","lord","539"
"r3__weapon__B__59__offense-off","ripe","7"
"r3__weapon__B__59__offense-off","unknown","3"
"r3__weapon__B__60__control","lord","20"
"r3__weapon__B__60__control","ripe","1"
"r3__weapon__B__60__offense-off","lord","238"
"r3__weapon__B__60__offense-off","ripe","7"
"r3__weapon__B__60__offense-off","seed","3"
"r3__weapon__B__60__offense-off","unknown","19"
"r3__weapon__B__61__control","lord","26"
"r3__weapon__B__61__offense-off","lord","87"
"r3__weapon__B__61__offense-off","ripe","16"
"r3__weapon__B__61__offense-off","unknown","1"
"r3__weapon__B__62__control","lord","33"
"r3__weapon__B__62__control","ripe","3"
"r3__weapon__B__62__offense-off","lord","228"
"r3__weapon__B__62__offense-off","ripe","161"
"r3__weapon__B__62__offense-off","seed","1"
"r3__weapon__B__62__offense-off","unknown","27"
"r3__weapon__B__63__control","lord","25"
"r3__weapon__B__63__offense-off","lord","118"
"r3__weapon__B__63__offense-off","ripe","7"
"r3__weapon__B__63__offense-off","unknown","2"
"r3__weapon__B__64__control","lord","48"
"r3__weapon__B__64__offense-off","lord","551"
"r3__weapon__B__64__offense-off","ripe","5"
"r3__weapon__B__64__offense-off","seed","3"
"r3__weapon__B__64__offense-off","unknown","15"
"r3__weapon__B__65__control","lord","37"
"r3__weapon__B__65__control","seed","1"
"r3__weapon__B__65__offense-off","lord","343"
"r3__weapon__B__65__offense-off","ripe","11"
"r3__weapon__B__65__offense-off","unknown","3"
"r3__weapon__B__66__control","lord","36"
"r3__weapon__B__66__offense-off","lord","789"
"r3__weapon__B__66__offense-off","ripe","66"
"r3__weapon__B__66__offense-off","seed","1"
"r3__weapon__B__66__offense-off","unknown","14"
"r3__weapon__B__67__control","lord","39"
"r3__weapon__B__67__control","seed","2"
"r3__weapon__B__67__control","unknown","1"
"r3__weapon__B__67__offense-off","lord","772"
"r3__weapon__B__67__offense-off","ripe","17"
"r3__weapon__B__67__offense-off","seed","1"
"r3__weapon__B__67__offense-off","unknown","4"
"r3__weapon__B__68__control","lord","46"
"r3__weapon__B__68__offense-off","lord","253"
"r3__weapon__B__68__offense-off","ripe","38"
"r3__weapon__B__68__offense-off","seed","1"
"r3__weapon__B__68__offense-off","unknown","19"
"r3__weapon__B__69__control","lord","30"
"r3__weapon__B__69__control","ripe","4"
"r3__weapon__B__69__control","unknown","1"
"r3__weapon__B__69__offense-off","lord","109"
"r3__weapon__B__69__offense-off","ripe","8"
"r3__weapon__B__69__offense-off","seed","1"
"r3__weapon__B__69__offense-off","unknown","8"
"r3__weapon__B__70__control","lord","26"
"r3__weapon__B__70__control","ripe","1"
"r3__weapon__B__70__control","seed","1"
"r3__weapon__B__70__control","unknown","1"
"r3__weapon__B__70__offense-off","lord","184"
"r3__weapon__B__70__offense-off","ripe","64"
"r3__weapon__B__70__offense-off","seed","2"
"r3__weapon__B__70__offense-off","unknown","9"
"r3__weapon__B__71__control","lord","56"
"r3__weapon__B__71__control","unknown","1"
"r3__weapon__B__71__offense-off","lord","274"
"r3__weapon__B__71__offense-off","seed","4"
"r3__weapon__B__71__offense-off","unknown","11"
"r3__weapon__B__72__control","lord","35"
"r3__weapon__B__72__control","unknown","5"
"r3__weapon__B__72__offense-off","lord","509"
"r3__weapon__B__72__offense-off","seed","1"
"r3__weapon__B__72__offense-off","unknown","8"
"r3__weapon__B__73__control","lord","30"
"r3__weapon__B__73__control","ripe","1"
"r3__weapon__B__73__control","seed","1"
"r3__weapon__B__73__offense-off","lord","90"
"r3__weapon__B__73__offense-off","ripe","20"
"r3__weapon__B__73__offense-off","unknown","2"
"r3__weapon__C__42__control","lord","776"
"r3__weapon__C__42__offense-off","lord","2849"
"r3__weapon__C__42__offense-off","ripe","2"
"r3__weapon__C__42__offense-off","seed","1"
"r3__weapon__C__43__control","lord","40"
"r3__weapon__C__43__control","ripe","2"
"r3__weapon__C__43__control","unknown","3"
"r3__weapon__C__43__offense-off","lord","1150"
"r3__weapon__C__43__offense-off","ripe","19"
"r3__weapon__C__43__offense-off","seed","11"
"r3__weapon__C__44__control","lord","264"
"r3__weapon__C__44__control","ripe","1"
"r3__weapon__C__44__offense-off","lord","92"
"r3__weapon__C__44__offense-off","ripe","10"
"r3__weapon__C__44__offense-off","seed","1"
"r3__weapon__C__44__offense-off","unknown","2"
"r3__weapon__C__45__control","lord","323"
"r3__weapon__C__45__control","ripe","2"
"r3__weapon__C__45__offense-off","lord","1904"
"r3__weapon__C__45__offense-off","ripe","26"
"r3__weapon__C__45__offense-off","unknown","1"
"r3__weapon__C__46__control","lord","313"
"r3__weapon__C__46__control","ripe","2"
"r3__weapon__C__46__offense-off","lord","2956"
"r3__weapon__C__46__offense-off","ripe","25"
"r3__weapon__C__46__offense-off","seed","3"
"r3__weapon__C__46__offense-off","unknown","2"
"r3__weapon__C__47__control","lord","1154"
"r3__weapon__C__47__offense-off","lord","711"
"r3__weapon__C__47__offense-off","ripe","23"
"r3__weapon__C__47__offense-off","seed","20"
"r3__weapon__C__47__offense-off","unknown","7"
"r3__weapon__C__48__control","lord","35"
"r3__weapon__C__48__offense-off","lord","1006"
"r3__weapon__C__48__offense-off","ripe","6"
"r3__weapon__C__48__offense-off","seed","2"
"r3__weapon__C__48__offense-off","unknown","2"
"r3__weapon__C__49__control","lord","36"
"r3__weapon__C__49__control","unknown","3"
"r3__weapon__C__49__offense-off","lord","410"
"r3__weapon__C__49__offense-off","ripe","61"
"r3__weapon__C__49__offense-off","seed","1"
"r3__weapon__C__49__offense-off","unknown","8"
"r3__weapon__C__50__control","lord","1056"
"r3__weapon__C__50__control","ripe","1"
"r3__weapon__C__50__offense-off","lord","1964"
"r3__weapon__C__50__offense-off","ripe","10"
"r3__weapon__C__50__offense-off","seed","2"
"r3__weapon__C__50__offense-off","unknown","4"
"r3__weapon__C__51__control","lord","1739"
"r3__weapon__C__51__control","seed","1"
"r3__weapon__C__51__control","unknown","1"
"r3__weapon__C__51__offense-off","lord","1094"
"r3__weapon__C__51__offense-off","ripe","5"
"r3__weapon__C__51__offense-off","unknown","1"
"r3__weapon__C__52__control","lord","687"
"r3__weapon__C__52__offense-off","lord","2348"
"r3__weapon__C__53__control","lord","1176"
"r3__weapon__C__53__offense-off","lord","874"
"r3__weapon__C__53__offense-off","ripe","8"
"r3__weapon__C__53__offense-off","seed","1"
"r3__weapon__C__53__offense-off","unknown","5"
"r3__weapon__C__54__control","lord","428"
"r3__weapon__C__54__control","ripe","10"
"r3__weapon__C__54__control","seed","1"
"r3__weapon__C__54__control","unknown","1"
"r3__weapon__C__54__offense-off","lord","36"
"r3__weapon__C__54__offense-off","ripe","5"
"r3__weapon__C__54__offense-off","seed","1"
"r3__weapon__C__55__control","lord","831"
"r3__weapon__C__55__offense-off","lord","209"
"r3__weapon__C__55__offense-off","ripe","36"
"r3__weapon__C__55__offense-off","seed","5"
"r3__weapon__C__55__offense-off","unknown","15"
"r3__weapon__C__56__control","lord","33"
"r3__weapon__C__56__control","unknown","1"
"r3__weapon__C__56__offense-off","lord","262"
"r3__weapon__C__56__offense-off","ripe","4"
"r3__weapon__C__56__offense-off","unknown","3"
"r3__weapon__C__57__control","lord","676"
"r3__weapon__C__57__control","ripe","1"
"r3__weapon__C__57__offense-off","lord","76"
"r3__weapon__C__57__offense-off","ripe","66"
"r3__weapon__C__57__offense-off","seed","2"
"r3__weapon__C__57__offense-off","unknown","2"
"r3__weapon__C__58__control","lord","847"
"r3__weapon__C__58__control","unknown","1"
"r3__weapon__C__58__offense-off","lord","1078"
"r3__weapon__C__58__offense-off","seed","3"
"r3__weapon__C__58__offense-off","unknown","4"
"r3__weapon__C__59__control","lord","39"
"r3__weapon__C__59__offense-off","lord","1480"
"r3__weapon__C__59__offense-off","ripe","9"
"r3__weapon__C__59__offense-off","unknown","2"
"r3__weapon__C__60__control","lord","20"
"r3__weapon__C__60__control","ripe","1"
"r3__weapon__C__60__offense-off","lord","2691"
"r3__weapon__C__60__offense-off","ripe","6"
"r3__weapon__C__60__offense-off","seed","26"
"r3__weapon__C__60__offense-off","unknown","4"
"r3__weapon__C__61__control","lord","1691"
"r3__weapon__C__61__control","seed","1"
"r3__weapon__C__61__offense-off","lord","87"
"r3__weapon__C__61__offense-off","ripe","16"
"r3__weapon__C__61__offense-off","unknown","1"
"r3__weapon__C__62__control","lord","33"
"r3__weapon__C__62__control","ripe","3"
"r3__weapon__C__62__offense-off","lord","228"
"r3__weapon__C__62__offense-off","ripe","161"
"r3__weapon__C__62__offense-off","seed","1"
"r3__weapon__C__62__offense-off","unknown","27"
"r3__weapon__C__63__control","lord","161"
"r3__weapon__C__63__control","ripe","1"
"r3__weapon__C__63__offense-off","lord","546"
"r3__weapon__C__63__offense-off","ripe","7"
"r3__weapon__C__63__offense-off","unknown","2"
"r3__weapon__C__64__control","lord","549"
"r3__weapon__C__64__offense-off","lord","551"
"r3__weapon__C__64__offense-off","ripe","5"
"r3__weapon__C__64__offense-off","seed","3"
"r3__weapon__C__64__offense-off","unknown","15"
"r3__weapon__C__65__control","lord","129"
"r3__weapon__C__65__control","seed","1"
"r3__weapon__C__65__offense-off","lord","1289"
"r3__weapon__C__65__offense-off","ripe","14"
"r3__weapon__C__65__offense-off","seed","2"
"r3__weapon__C__66__control","lord","310"
"r3__weapon__C__66__offense-off","lord","792"
"r3__weapon__C__66__offense-off","ripe","47"
"r3__weapon__C__66__offense-off","unknown","6"
"r3__weapon__C__67__control","lord","39"
"r3__weapon__C__67__control","seed","2"
"r3__weapon__C__67__control","unknown","1"
"r3__weapon__C__67__offense-off","lord","3017"
"r3__weapon__C__67__offense-off","ripe","20"
"r3__weapon__C__67__offense-off","unknown","18"
"r3__weapon__C__68__control","lord","238"
"r3__weapon__C__68__offense-off","lord","3249"
"r3__weapon__C__68__offense-off","seed","8"
"r3__weapon__C__68__offense-off","unknown","3"
"r3__weapon__C__69__control","lord","1048"
"r3__weapon__C__69__control","seed","1"
"r3__weapon__C__69__offense-off","lord","1687"
"r3__weapon__C__69__offense-off","ripe","9"
"r3__weapon__C__69__offense-off","seed","2"
"r3__weapon__C__69__offense-off","unknown","5"
"r3__weapon__C__70__control","lord","625"
"r3__weapon__C__70__control","ripe","1"
"r3__weapon__C__70__control","seed","1"
"r3__weapon__C__70__offense-off","lord","1717"
"r3__weapon__C__70__offense-off","ripe","20"
"r3__weapon__C__70__offense-off","seed","3"
"r3__weapon__C__71__control","lord","1069"
"r3__weapon__C__71__offense-off","lord","433"
"r3__weapon__C__71__offense-off","ripe","8"
"r3__weapon__C__71__offense-off","unknown","1"
"r3__weapon__C__72__control","lord","881"
"r3__weapon__C__72__offense-off","lord","2343"
"r3__weapon__C__72__offense-off","unknown","1"
"r3__weapon__C__73__control","lord","30"
"r3__weapon__C__73__control","ripe","1"
"r3__weapon__C__73__control","seed","1"
"r3__weapon__C__73__offense-off","lord","90"
"r3__weapon__C__73__offense-off","ripe","20"
"r3__weapon__C__73__offense-off","unknown","2"
