"policy","peopleRule","seed","ticksInteraction","survivalInteraction"
"people","A","42","8991","0"
"people","A","43","2083","0"
"people","A","44","-10654","-1"
"people","A","45","-12543","0"
"people","A","46","15358","1"
"people","A","47","0","0"
"people","A","48","-3089","0"
"people","A","49","0","0"
"people","A","50","-4513","0"
"people","A","51","-6526","-1"
"people","A","52","0","0"
"people","A","53","-2010","1"
"people","A","54","-4099","0"
"people","A","55","3995","0"
"people","A","56","-1030","-1"
"people","A","57","-2522","-1"
"people","A","58","0","0"
"people","A","59","-16366","-1"
"people","A","60","-11748","1"
"people","A","61","4474","0"
"people","A","62","3886","1"
"people","A","63","0","0"
"people","A","64","0","0"
"people","A","65","-5677","0"
"people","A","66","6620","1"
"people","A","67","0","0"
"people","A","68","-17374","-1"
"people","A","69","-8973","-1"
"people","A","70","4098","1"
"people","A","71","0","0"
"people","A","72","-1336","0"
"people","A","73","-8670","-2"
"people","B","42","0","0"
"people","B","43","0","0"
"people","B","44","-7598","-1"
"people","B","45","0","0"
"people","B","46","9546","1"
"people","B","47","-10744","-2"
"people","B","48","966","1"
"people","B","49","-8080","-1"
"people","B","50","0","0"
"people","B","51","0","0"
"people","B","52","0","0"
"people","B","53","-5543","0"
"people","B","54","2899","0"
"people","B","55","-1899","-1"
"people","B","56","0","0"
"people","B","57","0","0"
"people","B","58","0","0"
"people","B","59","-16366","-1"
"people","B","60","-9357","0"
"people","B","61","5998","0"
"people","B","62","0","0"
"people","B","63","0","0"
"people","B","64","0","0"
"people","B","65","981","0"
"people","B","66","1339","0"
"people","B","67","0","0"
"people","B","68","-7853","0"
"people","B","69","-15656","-1"
"people","B","70","0","0"
"people","B","71","0","0"
"people","B","72","0","0"
"people","B","73","-7955","-1"
"people","C","42","15134","1"
"people","C","43","-1681","0"
"people","C","44","-10514","-2"
"people","C","45","-13970","-1"
"people","C","46","10036","2"
"people","C","47","0","0"
"people","C","48","0","0"
"people","C","49","0","0"
"people","C","50","6154","1"
"people","C","51","0","0"
"people","C","52","0","0"
"people","C","53","13707","1"
"people","C","54","-6466","-1"
"people","C","55","-5850","-1"
"people","C","56","-404","0"
"people","C","57","-3984","0"
"people","C","58","0","0"
"people","C","59","-16366","-1"
"people","C","60","-17248","-1"
"people","C","61","12","0"
"people","C","62","411","0"
"people","C","63","2208","1"
"people","C","64","0","0"
"people","C","65","3953","1"
"people","C","66","-1911","0"
"people","C","67","0","0"
"people","C","68","-11853","0"
"people","C","69","-10161","-1"
"people","C","70","4516","1"
"people","C","71","0","0"
"people","C","72","4382","1"
"people","C","73","-9183","-1"
"weapon","A","42","-647","0"
"weapon","A","43","-1176","0"
"weapon","A","44","8226","0"
"weapon","A","45","-2051","0"
"weapon","A","46","-2166","0"
"weapon","A","47","-2818","0"
"weapon","A","48","593","0"
"weapon","A","49","-5218","0"
"weapon","A","50","-5610","-1"
"weapon","A","51","-4994","-1"
"weapon","A","52","0","0"
"weapon","A","53","3288","0"
"weapon","A","54","6015","0"
"weapon","A","55","-5324","0"
"weapon","A","56","5582","0"
"weapon","A","57","8016","0"
"weapon","A","58","-5086","0"
"weapon","A","59","-5535","0"
"weapon","A","60","-5895","0"
"weapon","A","61","8995","0"
"weapon","A","62","5369","0"
"weapon","A","63","8353","0"
"weapon","A","64","6955","1"
"weapon","A","65","-667","0"
"weapon","A","66","4271","0"
"weapon","A","67","789","0"
"weapon","A","68","5688","1"
"weapon","A","69","5","0"
"weapon","A","70","-6815","-1"
"weapon","A","71","421","0"
"weapon","A","72","-1556","0"
"weapon","A","73","2732","1"
"weapon","B","42","0","0"
"weapon","B","43","-15158","-1"
"weapon","B","44","13266","0"
"weapon","B","45","-8304","-2"
"weapon","B","46","2859","0"
"weapon","B","47","-6524","-1"
"weapon","B","48","-1531","-1"
"weapon","B","49","-6052","0"
"weapon","B","50","-3981","-1"
"weapon","B","51","3901","0"
"weapon","B","52","0","0"
"weapon","B","53","-8072","-2"
"weapon","B","54","1105","0"
"weapon","B","55","-3979","0"
"weapon","B","56","1980","-1"
"weapon","B","57","12061","0"
"weapon","B","58","-8031","-1"
"weapon","B","59","-3191","0"
"weapon","B","60","-3291","0"
"weapon","B","61","15149","1"
"weapon","B","62","6458","1"
"weapon","B","63","6343","0"
"weapon","B","64","6955","1"
"weapon","B","65","-1040","0"
"weapon","B","66","3380","0"
"weapon","B","67","-3510","1"
"weapon","B","68","1542","-1"
"weapon","B","69","5666","0"
"weapon","B","70","-3844","1"
"weapon","B","71","-2935","-1"
"weapon","B","72","-2872","0"
"weapon","B","73","-416","0"
"weapon","C","42","-3537","0"
"weapon","C","43","-6634","-1"
"weapon","C","44","7145","0"
"weapon","C","45","3361","0"
"weapon","C","46","3942","1"
"weapon","C","47","-2982","0"
"weapon","C","48","6266","0"
"weapon","C","49","-4408","0"
"weapon","C","50","-5339","-1"
"weapon","C","51","10807","0"
"weapon","C","52","2976","1"
"weapon","C","53","1996","0"
"weapon","C","54","3320","1"
"weapon","C","55","-1829","-1"
"weapon","C","56","5426","-1"
"weapon","C","57","13035","0"
"weapon","C","58","-2444","0"
"weapon","C","59","-3247","0"
"weapon","C","60","-2133","1"
"weapon","C","61","16998","2"
"weapon","C","62","6458","1"
"weapon","C","63","10452","1"
"weapon","C","64","3065","0"
"weapon","C","65","-6293","0"
"weapon","C","66","5106","0"
"weapon","C","67","-8318","0"
"weapon","C","68","-5525","-1"
"weapon","C","69","5452","0"
"weapon","C","70","2291","0"
"weapon","C","71","2173","1"
"weapon","C","72","5580","0"
"weapon","C","73","4959","1"
