"policy","peopleRule","arm","metric","nSeedBlocks","mean","standardError","intervalDefinition","lower","upper"
"people","A","offense-off","survivalDifference","32","0.09375","0.12982133348965513","paired seed mean +/- 2.04 SE; approximate t interval for32 blocks; smoke descriptive only","-0.1710855203188965","0.3585855203188965"
"people","A","interception-off","survivalDifference","32","0","0.06350006350009525","paired seed mean +/- 2.04 SE; approximate t interval for32 blocks; smoke descriptive only","-0.1295401295401943","0.1295401295401943"
"people","A","both-off","survivalDifference","32","0","0.14892084929531763","paired seed mean +/- 2.04 SE; approximate t interval for32 blocks; smoke descriptive only","-0.303798532562448","0.303798532562448"
"people","B","offense-off","survivalDifference","32","0.125","0.08695104295503155","paired seed mean +/- 2.04 SE; approximate t interval for32 blocks; smoke descriptive only","-0.052380127628264356","0.3023801276282644"
"people","B","interception-off","survivalDifference","32","0","0.07777137710478188","paired seed mean +/- 2.04 SE; approximate t interval for32 blocks; smoke descriptive only","-0.15865360929375505","0.15865360929375505"
"people","B","both-off","survivalDifference","32","-0.0625","0.10941099638076722","paired seed mean +/- 2.04 SE; approximate t interval for32 blocks; smoke descriptive only","-0.28569843261676514","0.16069843261676514"
"people","C","offense-off","survivalDifference","32","-0.09375","0.09374999999999999","paired seed mean +/- 2.04 SE; approximate t interval for32 blocks; smoke descriptive only","-0.285","0.09749999999999998"
"people","C","interception-off","survivalDifference","32","-0.0625","0.08909830562090465","paired seed mean +/- 2.04 SE; approximate t interval for32 blocks; smoke descriptive only","-0.2442605434666455","0.1192605434666455"
"people","C","both-off","survivalDifference","32","-0.15625","0.11972225080873512","paired seed mean +/- 2.04 SE; approximate t interval for32 blocks; smoke descriptive only","-0.4004833916498196","0.08798339164981964"
"weapon","A","offense-off","survivalDifference","32","0","0.08980265101338744","paired seed mean +/- 2.04 SE; approximate t interval for32 blocks; smoke descriptive only","-0.18319740806731039","0.18319740806731039"
"weapon","A","interception-off","survivalDifference","32","0","0","paired seed mean +/- 2.04 SE; approximate t interval for32 blocks; smoke descriptive only","0","0"
"weapon","A","both-off","survivalDifference","32","0","0.08980265101338744","paired seed mean +/- 2.04 SE; approximate t interval for32 blocks; smoke descriptive only","-0.18319740806731039","0.18319740806731039"
"weapon","B","offense-off","survivalDifference","32","0.09375","0.11323127025921825","paired seed mean +/- 2.04 SE; approximate t interval for32 blocks; smoke descriptive only","-0.13724179132880526","0.32474179132880526"
"weapon","B","interception-off","survivalDifference","32","0.1875","0.08324928557283298","paired seed mean +/- 2.04 SE; approximate t interval for32 blocks; smoke descriptive only","0.017671457431420734","0.35732854256857927"
"weapon","B","both-off","survivalDifference","32","0.0625","0.10941099638076722","paired seed mean +/- 2.04 SE; approximate t interval for32 blocks; smoke descriptive only","-0.16069843261676514","0.28569843261676514"
"weapon","C","offense-off","survivalDifference","32","-0.0625","0.08909830562090465","paired seed mean +/- 2.04 SE; approximate t interval for32 blocks; smoke descriptive only","-0.2442605434666455","0.1192605434666455"
"weapon","C","interception-off","survivalDifference","32","0.03125","0.08381497239022508","paired seed mean +/- 2.04 SE; approximate t interval for32 blocks; smoke descriptive only","-0.13973254367605917","0.20223254367605917"
"weapon","C","both-off","survivalDifference","32","0.125","0.10766959615176361","paired seed mean +/- 2.04 SE; approximate t interval for32 blocks; smoke descriptive only","-0.09464597614959774","0.34464597614959774"
"people","A","offense-off","restrictedTicksDifference","32","28.03125","759.4842656480021","paired seed mean +/- 2.04 SE; approximate t interval for32 blocks; smoke descriptive only","-1521.3166519219242","1577.3791519219242"
"people","A","interception-off","restrictedTicksDifference","32","-5.75","379.06412769243383","paired seed mean +/- 2.04 SE; approximate t interval for32 blocks; smoke descriptive only","-779.040820492565","767.540820492565"
"people","A","both-off","restrictedTicksDifference","32","-2091","1154.1837326481764","paired seed mean +/- 2.04 SE; approximate t interval for32 blocks; smoke descriptive only","-4445.534814602281","263.5348146022802"
"people","B","offense-off","restrictedTicksDifference","32","-232","546.4438332557389","paired seed mean +/- 2.04 SE; approximate t interval for32 blocks; smoke descriptive only","-1346.7454198417074","882.7454198417074"
"people","B","interception-off","restrictedTicksDifference","32","-320.90625","430.1749441557296","paired seed mean +/- 2.04 SE; approximate t interval for32 blocks; smoke descriptive only","-1198.4631360776884","556.6506360776884"
"people","B","both-off","restrictedTicksDifference","32","-2719.21875","1091.0070358558858","paired seed mean +/- 2.04 SE; approximate t interval for32 blocks; smoke descriptive only","-4944.873103146007","-493.56439685399255"
"people","C","offense-off","restrictedTicksDifference","32","-1165.125","747.1633462826088","paired seed mean +/- 2.04 SE; approximate t interval for32 blocks; smoke descriptive only","-2689.338226416522","359.08822641652205"
"people","C","interception-off","restrictedTicksDifference","32","-142.875","473.8104624580143","paired seed mean +/- 2.04 SE; approximate t interval for32 blocks; smoke descriptive only","-1109.448343414349","823.6983434143491"
"people","C","both-off","restrictedTicksDifference","32","-2841.6875","1236.4362366957362","paired seed mean +/- 2.04 SE; approximate t interval for32 blocks; smoke descriptive only","-5364.017422859301","-319.3575771406986"
"weapon","A","offense-off","restrictedTicksDifference","32","-877.96875","1030.1463649572456","paired seed mean +/- 2.04 SE; approximate t interval for32 blocks; smoke descriptive only","-2979.4673345127812","1223.5298345127812"
"weapon","A","interception-off","restrictedTicksDifference","32","261.34375","535.6743199323915","paired seed mean +/- 2.04 SE; approximate t interval for32 blocks; smoke descriptive only","-831.4318626620789","1354.1193626620789"
"weapon","A","both-off","restrictedTicksDifference","32","0.25","974.4179962683431","paired seed mean +/- 2.04 SE; approximate t interval for32 blocks; smoke descriptive only","-1987.5627123874199","1988.0627123874199"
"weapon","B","offense-off","restrictedTicksDifference","32","-1152.21875","1076.984844981258","paired seed mean +/- 2.04 SE; approximate t interval for32 blocks; smoke descriptive only","-3349.2678337617663","1044.8303337617663"
"weapon","B","interception-off","restrictedTicksDifference","32","825.5625","719.7681147334154","paired seed mean +/- 2.04 SE; approximate t interval for32 blocks; smoke descriptive only","-642.7644540561673","2293.8894540561673"
"weapon","B","both-off","restrictedTicksDifference","32","-391.21875","1122.8914161792231","paired seed mean +/- 2.04 SE; approximate t interval for32 blocks; smoke descriptive only","-2681.9172390056156","1899.4797390056156"
"weapon","C","offense-off","restrictedTicksDifference","32","-2043.1875","1122.9048702611676","paired seed mean +/- 2.04 SE; approximate t interval for32 blocks; smoke descriptive only","-4333.913435332783","247.53843533278223"
"weapon","C","interception-off","restrictedTicksDifference","32","29.5625","547.254980778517","paired seed mean +/- 2.04 SE; approximate t interval for32 blocks; smoke descriptive only","-1086.8376607881748","1145.9626607881748"
"weapon","C","both-off","restrictedTicksDifference","32","115.09375","1080.8968846848068","paired seed mean +/- 2.04 SE; approximate t interval for32 blocks; smoke descriptive only","-2089.935894757006","2320.123394757006"
"people","A","factorial","ticksInteraction","32","-2113.28125","1253.5594468404172","paired seed mean +/- 2.04 SE; approximate t interval for32 blocks; smoke descriptive only","-4670.542521554451","443.980021554451"
"people","B","factorial","ticksInteraction","32","-2166.3125","997.6098496769059","paired seed mean +/- 2.04 SE; approximate t interval for32 blocks; smoke descriptive only","-4201.436593340888","-131.1884066591117"
"people","C","factorial","ticksInteraction","32","-1533.6875","1361.245577051895","paired seed mean +/- 2.04 SE; approximate t interval for32 blocks; smoke descriptive only","-4310.628477185866","1243.253477185866"
"weapon","A","factorial","ticksInteraction","32","616.875","873.0839479346353","paired seed mean +/- 2.04 SE; approximate t interval for32 blocks; smoke descriptive only","-1164.2162537866561","2397.966253786656"
"weapon","B","factorial","ticksInteraction","32","-64.5625","1172.3374035563386","paired seed mean +/- 2.04 SE; approximate t interval for32 blocks; smoke descriptive only","-2456.130803254931","2327.005803254931"
"weapon","C","factorial","ticksInteraction","32","2128.71875","1081.365461143075","paired seed mean +/- 2.04 SE; approximate t interval for32 blocks; smoke descriptive only","-77.26679073187324","4334.704290731874"
"people","A","factorial","survivalInteraction","32","-0.09375","0.12982133348965513","paired seed mean +/- 2.04 SE; approximate t interval for32 blocks; smoke descriptive only","-0.3585855203188965","0.1710855203188965"
"people","B","factorial","survivalInteraction","32","-0.1875","0.1047029207467644","paired seed mean +/- 2.04 SE; approximate t interval for32 blocks; smoke descriptive only","-0.40109395832339934","0.026093958323399363"
"people","C","factorial","survivalInteraction","32","0","0.14892084929531763","paired seed mean +/- 2.04 SE; approximate t interval for32 blocks; smoke descriptive only","-0.303798532562448","0.303798532562448"
"weapon","A","factorial","survivalInteraction","32","0","0.07777137710478188","paired seed mean +/- 2.04 SE; approximate t interval for32 blocks; smoke descriptive only","-0.15865360929375505","0.15865360929375505"
"weapon","B","factorial","survivalInteraction","32","-0.21875","0.14009195568763788","paired seed mean +/- 2.04 SE; approximate t interval for32 blocks; smoke descriptive only","-0.5045375896027813","0.06703758960278128"
"weapon","C","factorial","survivalInteraction","32","0.15625","0.12786534468325553","paired seed mean +/- 2.04 SE; approximate t interval for32 blocks; smoke descriptive only","-0.10459530315384125","0.41709530315384125"
