"caseId","reason","controlCaseId"
"r3__people__C__42__both-off","fixed",""
"r3__people__C__42__control","fixed",""
"r3__people__C__42__interception-off","fixed",""
"r3__people__C__42__offense-off","fixed",""
"r3__weapon__C__42__both-off","fixed",""
"r3__weapon__C__42__control","fixed",""
"r3__weapon__C__42__interception-off","fixed",""
"r3__weapon__C__42__offense-off","fixed",""
"r3__people__A__42__control","transition","r3__people__A__42__control"
"r3__people__A__42__both-off","transition","r3__people__A__42__control"
"r3__people__A__42__offense-off","transition","r3__people__A__42__control"
"r3__people__A__43__control","transition","r3__people__A__43__control"
"r3__people__A__43__both-off","transition","r3__people__A__43__control"
"r3__people__A__43__offense-off","transition","r3__people__A__43__control"
"r3__people__A__44__control","transition","r3__people__A__44__control"
"r3__people__A__44__interception-off","transition","r3__people__A__44__control"
