"caseId","reason","controlCaseId","gameplayHash","diagnosticDigest","rerunIdentical"
"r3__people__C__42__both-off","fixed","","4CB297F408FFC933EC1AF40D92B932BAD7FD73871934D8AE9297E8013C34E84B","937FA50E0A6DFC313E301CB56FCE31A1881DE0B4D77262FDDFD6285C5E6CB1B5","true"
"r3__people__C__42__control","fixed","","D59440EF4EDD940F8ED116C45D901168D6C7B4A6C7F930274F20BA94C512E839","CC54A4A605851E69C439173A52A275EFC2A0107DDCC1FD2083A32DA4792DD85C","true"
"r3__people__C__42__interception-off","fixed","","D273DC98B26F7182B9736EF17CF71EAEEA7CAF41CF9841194A606EDB97850121","B1ABEE989DD1F2CC62D3FFE90854015443C0B23471C58B1FA942BD8F67AA903A","true"
"r3__people__C__42__offense-off","fixed","","D3AA61A0D538A6E19A90F579961A6334D4403B0D84A1C40E22CCE40402D0593A","335F8F66794DA9433845D00A85954AEDBF7DCFC2B6EC2DA78B26AE4B7E81D3D1","true"
"r3__weapon__C__42__both-off","fixed","","C288C5500216CFD66C3B00C3F7DD7EA1E4AE6D578124202462EAD4ABF079CA5F","05D3A8C100698C2BBAD883BD2D677C56F7F0DE1AE482F92EBCBAD107DDA17FA0","true"
"r3__weapon__C__42__control","fixed","","57B269FFFB121CDA85EE1CEBAE8B9A48D3AF59306C45D90C1B38BD5D288F6944","6A22A3D10E583B5591967C3350F478C6D4F3910140598B25A8F7E7A5A8A70923","true"
"r3__weapon__C__42__interception-off","fixed","","BFBB81FB506DA3A05454932DEA55BEA5C27152B3CCC181467C1033A637AB3A9C","3CB632740E5E0B1F6DC2FDE7BAB621649B23A7B317DD2926CAD093BDC52E9F47","true"
"r3__weapon__C__42__offense-off","fixed","","7B72F9D61D02B6CD4045F049B9A18F5C173D59C17D14D8DCEA281B1B5E483B8D","A8227C39E63FF19D23E05EA9643CC0F5EB510C7A38CE9B0C94F75C345DDCFEA6","true"
"r3__people__A__42__control","transition","r3__people__A__42__control","9EE479F523C638197FB106322E763DA84DCD181413F56A68097ADD955EC9DE3E","C7CA71E523173E002A40D81708F4A96AB1AE95B4D885D4EAB3F4C94DF677E188","true"
"r3__people__A__42__both-off","transition","r3__people__A__42__control","01642F43620E90148A56E1C4A4993115E579CC2753B5E611173420F147445EA1","059F8D25CA6BBA9F5765D1EB191807248F0FA8AB38FE584BAD1D47FB9673B6D3","true"
"r3__people__A__42__offense-off","transition","r3__people__A__42__control","1852F487D68ACE1BA54699ED73FC999D2846D9F32E2CB797E4E4B76077859D04","052FD6E0C309604475D48576A9C017A470F83309387F94BDC9CB956D19518573","true"
"r3__people__A__43__control","transition","r3__people__A__43__control","A081941FB1A2B765031CFEF185986AB2C6F8658BC03332568F328A8190104793","806271D24C2874DF733F5D1A25C456EBF5157A49984131CD7F693A2DE87A0E72","true"
"r3__people__A__43__both-off","transition","r3__people__A__43__control","0A84693169EDAD42E6AB2B4516C643EFE872392B9121D7A15928C24C7097D061","967237D6AA7496765BF61B1C6397B1CDBC23D3499C0F841747CDBFB0348F13CA","true"
"r3__people__A__43__offense-off","transition","r3__people__A__43__control","B4B69557DA2E3D693AF37F18A9F3F6A9432656D2BA21701B302352E45B7ED39F","A97578D4EC8949146117CC26D0445105A22EE0C05F5AAE1B466893715B994DC4","true"
"r3__people__A__44__control","transition","r3__people__A__44__control","95C5344A46232B6E0582F0C63420CC53B2B67184B2AD0280C87A925083A5F94E","019B8729E02B1ECEED6BE02E5895E8BD5E5FD07AB1A735A1E9A38898FF26414C","true"
"r3__people__A__44__interception-off","transition","r3__people__A__44__control","C7EA9772BD1D9629AA16F31381B428ECF1B7443BA31EB8AE97D547A6D00A02DD","B7CB5E21FD5FE976DE7F4B734DC411B5485973932F4C7F294173E50C0B5CF5E3","true"
