"file","sha256","bytes"
"attack-sources.csv","89f4f695941a54228b8bea0dd4481e66ee40bd90a50b43dbfcc4372f15efd37a","1526795"
"card-choices.csv","39be48213fdf5778b3f4e818fb3372af43f7e2ed918b5234bece5ebfc2047045","4837773"
"equipment.csv","4c7bb0c61ba950a888add5ded7c1ba6c7247b99a154018ba9cc7e74df7a3a766","863353"
"interactions.csv","5405ce06f2aad9d60a25f41d456585f006f19df1e435d4eb8d55a5419d58659c","5665"
"paired-summary.csv","5ccf7229898aeef4998d81b0322619e02acabf04843c6dedd7530a3fc0790e81","10669"
"paired.csv","c2af9a4d8726f71ca12db04aa17f0b6de7d4f9febc27407de0f39733ec394444","111159"
"policy-effect-differences.csv","6282ae2d6ac97d0c296a3d8823b186243b93cb097297dd99879cc29ef6040e7a","10214"
"population.csv","0958d9b0e249c4d3420212382aeaf015be3cea8e0b593824bb1bb0cd23f3ec7a","471348"
"provenance.csv","15f27c9de3a50b97416a2bbf99b9f85fd7e358bfd0738b8758989e20ca54f11d","605315"
"public-selection.csv","9e6a6bb2c2528bb542ed5eb64005099a5347e17fe5111b82399a186ca0389018","969"
"runs.csv","ab89eafa0f76f0d4bd806181cbb0d95c93efb196b169ac31024fbfdbbf994985","409828"
"snapshots.csv","9f7dba91658dc5110037d2d7392433c2bd482679f174f1fb319ae7d24a121e76","3956707"
"terminal-counters.csv","6e224fddd626a42614ebc2a8e342392827b809f0505561c91aa41c80f8fe8ca2","710671"
