"cohort","policy","peopleRule","seed","hash","ticks","survived"
"r2","weapon","A","42","AA73DD8D0BC5E3698D3D29884B0E5F328B0CE8EB4828592994D0BB43FF39D489","21600","true"
"r2","weapon","A","43","59349BCCB32CF274AC462E9761ED3DB7CAC34184E57BC507EEF5718638BEA493","13464","false"
"r2","weapon","A","44","0635644837283B24F25F6FA806F1B787C5250BF5C6B2A5E0E0BA30601D8F66ED","16170","false"
"r2","weapon","A","45","D1F8F8C3D51D6745170685F73668FC7C31416A1D247DF59578DD75EF6B934CCC","13608","false"
"r2","weapon","A","46","1D865BEEF0EEECB189F6C5F340B162EA6F21A24C6FA39BB9F9714BD0EC65EC18","14469","false"
"r2","weapon","A","47","FF9FCEB0FFDF7A8F7D84DD6B99D945163E7831F142686E7DCA34FE9002BEEC0C","21566","false"
"r2","weapon","A","48","C6994C3C741C13F6BA08C1C433CD446F3CBEBEE5BA87F92D126F9C47200BD194","13766","false"
"r2","weapon","A","49","93A359F57AD4E1437F9415C67CFDC98435A59629A680C52CE69E0944E68AA589","18838","false"
"r2","weapon","A","50","30C68753BED51FDD9A4E242FAF45D1BDF7604B85669DCAE418FB3537A0A70EA5","15809","false"
"r2","weapon","A","51","A90CB2D07821344C345C2CD5A9F5450EC10A4B3752F6C8C6236A3927FC445922","15091","false"
"r2","weapon","A","52","B1D42EFBD884AB5335F39570377DC14CBC56A2F4CAD0A0770B737CB5FA2822D2","21600","true"
"r2","weapon","A","53","53B738586B2CB5824D0D834012D92D26021A7814481F6F5A742E3002693E3339","21600","true"
"r2","weapon","A","54","DCB7F95D798A92CCF6BE786D2F323CAA1E2C1E1A69089EF2FBA6222FD5DDB506","21600","true"
"r2","weapon","A","55","76084C6040BE8AAF17F8DF5518E7E0927C4A14420123D46F68E6B7308BF60593","18522","false"
"r2","weapon","A","56","A8E60159BFB98D2302B615BFD6784306F2BC9FC15680A96A5AB1841B8678AB86","21600","true"
"r2","weapon","A","57","DC6D63C7A2D4D60528CF401BF11DA311307C624990B7FEA9458173BE46F6E42D","10449","false"
"r2","weapon","A","58","C7CFA246624A23FB8CDCB5DF6C775385EEF42B0996EC1BA1A77308AE6769026D","16964","false"
"r2","weapon","A","59","B64163113B86F8568EE4A7A8BB40FECBC3E8BEF45B637FF5A7C848F6F643D6C8","11530","false"
"r2","weapon","A","60","71AFCA1560F5FC866D0A6DAF800A8EF6D9FE15B87F5EDBEFFBAB0A32EAA61677","13175","false"
"r2","weapon","A","61","2E75476C86D89DD9C0A393D655CF177049E595220AA91813DA4873BC76464C50","15565","false"
"r2","weapon","A","62","24E57DD45C3034C1F7F37B59F2E0E99EA9BA1937BDD7C4C36480D522D273654B","14743","false"
"r2","weapon","A","63","C9F40683FD4CCD1A7263830AE998DA8CFEC0AE8E3034E701FF9995367A30AAAB","11174","false"
"r2","weapon","A","64","D2AD26A7A2817FCB176D82402B0017C2E52ADDD803F84707075687754D1D5FCD","16160","false"
"r2","weapon","A","65","137C5C2BCF41A43568B0EF91EE6F67AA9DCF3F5B0508C87370FEE1D205A346D0","12294","false"
"r2","weapon","A","66","ECEB0369D2EBE56F409B426DFA920E7C1535F3DA189F897950B50EC8CC7E0B39","16085","false"
"r2","weapon","A","67","E75B8ED3B713434B47E09FB7E38400E834ED23A37A222485C2E6E7CADDA19778","16764","false"
"r2","weapon","A","68","FE99D203906842F82B461F2250FE84BA226EB1A300FDED0CB7B20EA1D6BFDDB6","13149","false"
"r2","weapon","A","69","7BE2100A5DA42FFCF3674931AE69A82A0933D09630379CB772E4BB21B40C7810","13080","false"
"r2","weapon","A","70","406AD10F3A4CE9CFBF0557E5551AF8F61E959836F32056C361A1DE4EFD0BA039","17170","false"
"r2","weapon","A","71","1ADA6B78E6758BF075D3ACFBB2A3A157E19A848F521104C1F23B2F2C7941A23E","18649","false"
"r2","weapon","A","72","4C951535AF814FD338FC3DAE9643E41CF8D6F409C21D9E0ECB842FC2C9CCC88E","19539","false"
"r2","weapon","A","73","EA029F152F6925D9343096DF0A98E2A13C188CAC092600E20AFF7A276D5059C3","7761","false"
"r2","weapon","B","42","50D5386BD8B20707898712B0AA87B30DD8BB77D37D6B05B268CB3A6315296324","17077","false"
"r2","weapon","B","43","BD1AC350A3D17C0855B97E5FE145ADF89EA58D6D764A570F592716F69C03D53D","13464","false"
"r2","weapon","B","44","E782C1F9F3DB594133B16DA7C4EC9E8DCC9F1D6F555534368680A20A3BA02FF7","18292","false"
"r2","weapon","B","45","1AFFE4DE3F91DDA1DD2CCFF21796D127A60452DD8C622ABBB80947DFB95D7237","19241","false"
"r2","weapon","B","46","3A58B2C72FF83EB3A882122D44359A48CF9AB0618F6B0D3593D316E438A62557","17649","false"
"r2","weapon","B","47","D5CCEF6C33734D2D2B22C18DD7161DCDAA513B3DA11CE7D4EB8938EC03AE2FEF","19716","false"
"r2","weapon","B","48","E1BB457F9A8C8A03B13DD9C89235D147BF34034BBC1E6589AEEC5881A64128B0","13766","false"
"r2","weapon","B","49","0E308641A30B034DB56CB0F39EEDB5641BD7B5DABF8CBEF91704517145737113","18838","false"
"r2","weapon","B","50","4C97D6E7831A423218E89646525343F3BDC1B0F77A94FCA08AD72C9FCAC873F0","18635","false"
"r2","weapon","B","51","406A8C23DA8AEAEABDF224FF6DC7F025CC73C9E1F209F09BFDBA8CC51C9C841B","17168","false"
"r2","weapon","B","52","82782D3E385CCF779ABEEB5F841C3A0A5123A101255437F252CB5A60BABB0D13","21600","true"
"r2","weapon","B","53","D600E230E1A1B2FE0CB0EA8063A5F22E16CF980D09727CB7B50EDE6C4E26300A","15625","false"
"r2","weapon","B","54","CAA03E7F78DF25270D01D9F5251B108E6C9EC63F643611584054C733142DA333","21600","true"
"r2","weapon","B","55","71E9E5A6E1780FE03517A54425F9F674CECC8FCDCF4CB10B8BE9FAF93BF57A6A","14756","false"
"r2","weapon","B","56","A7B12F03F7D8B3B96DBF0E2DA7B049C3B34C1A223FC4483A5F8B047BB4171DBE","21600","true"
"r2","weapon","B","57","A4511F4839F5467FB159D6026B3794BE51D1604EDFAFBF70D4E3EACC2634152C","14474","false"
"r2","weapon","B","58","35FCFF042179809B80E25C39F3890280DE301324135A642974ED140AB656D93C","21147","false"
"r2","weapon","B","59","5535D9779ADE9EEDD2D659091D5904C7DA751ED20524D25BC2D68D5C27645043","11530","false"
"r2","weapon","B","60","9DEF5B9ECD0C358A0A8EDAE2825F12F22CA12DC28A8F8988D93DB954F8FF809C","13175","false"
"r2","weapon","B","61","46E4D59A2A622E73ED3088B4CDD8CB7ECB1740881FAFC30789FE07515902E128","20365","false"
"r2","weapon","B","62","5DB5D904C17B756A351A86C439FC8E8FD2D848645C42024C0683789B66686A56","14743","false"
"r2","weapon","B","63","DA994243C2D3EEDF25CFCB8D29F72D3D25457D7FAAA2E05BA0640996E7BC2B63","11174","false"
"r2","weapon","B","64","F07E75C3735730DB04B4CFFF14989A4447708EE569A6EA7D6DC7C93552363536","21600","true"
"r2","weapon","B","65","39EDCA884EF80CC79B344AB8E53BB6ED7B6B87B46BB4C76DC94586E3B41FAE57","13060","false"
"r2","weapon","B","66","7A41EADDFED69319AFCD65F1C04FEFE94B8B00C328EB42EC3D5AC159E5515610","15142","false"
"r2","weapon","B","67","51D9B3FC4FA28402BB013D91685D4423D2994E88A9D6EC055C67EDED2B726932","21249","false"
"r2","weapon","B","68","738318D0B036F14C2130329EFAD68676900A17222F1E3F651577F24674F30134","16313","false"
"r2","weapon","B","69","56005240415209626DF5EE6BF2AAB232BB6AFA7E1AE66B4898E088104FDD3798","21600","true"
"r2","weapon","B","70","5B89FA649D1FBD2FD047185786CB8DC473BB1A462B60E1EEE668991BC221FF96","18115","false"
"r2","weapon","B","71","4F5407B23FFF21294CBFBC1097AFF59FEF25C47BC34C37456B892008E972B9F5","21328","false"
"r2","weapon","B","72","F5B9ED48D3571151960681769BEA81D459AE22B0D5D2D443743D6E1D1BEDF8C5","21600","true"
"r2","weapon","B","73","85F3744659C37530F5D9BEF301F9EBC75C873DC488793636BBE10C50291B3335","7761","false"
"r2","weapon","C","42","627587E1BE54BD3559DC5BE3636D443FAE50425E25EDA06655827776DC163ED1","17593","false"
"r2","weapon","C","43","68852340DF1346BD273390C76068A110F935FD42948661262801B2D1BB18E313","13464","false"
"r2","weapon","C","44","FE97C10425C9EE4A45C2FA2219D37969E2AADEF9381DB855167462DBA52B2878","15199","false"
"r2","weapon","C","45","E684EC967203E58B19329377EE0800C3F363F8485586172A91AA0B8F8E04E8BA","14649","false"
"r2","weapon","C","46","9058002F11888E49D50ECD6FCDECCE8D35FCB2695F8173C071F409E4B665F553","12626","false"
"r2","weapon","C","47","4AF11153D8BB14A7D5D2E9430FF3929517F499ABCE810863EDD0146A9C183084","20628","false"
"r2","weapon","C","48","FD9E300A21E7B0C301E385D5C20B996C849444D5F71E6495F9D2270BE3A7ADA4","13766","false"
"r2","weapon","C","49","46F7271F16B0CEDF07D97B0F484308FAD0ACBCE2446658056D6F1945DEF3DAAC","18838","false"
"r2","weapon","C","50","E9816090D596B871BD12E97493010CE6290316A58E8816124A9F7C447CB9F092","13129","false"
"r2","weapon","C","51","9D70D88B0E9ED60DEDC9DF8A67749FAA542F836B5F6F4A23D9C6D7C0D484C024","20652","false"
"r2","weapon","C","52","A58A930A8AC9F39AEE16D8ABD7850426A86BDA1AFD12963388618EBFEBA960CF","21600","true"
"r2","weapon","C","53","2937906EE48AEC4CEB5234FD727CBD54215D268F43ABBC3059E731C91DC40348","20646","false"
"r2","weapon","C","54","29C0579FCC6B7F94C348FF01D7AC66290F92C08DBDA031F70A09EBBB001011F6","21600","true"
"r2","weapon","C","55","9976472AB64F7E13C531031DAF57B47A871D9007B15EE1810244FB25BB6D1C49","19638","false"
"r2","weapon","C","56","3EB9E2FA5F9EE065656048A51D0062C3191F8334CE26E64A6128F20A62C183F9","21600","true"
"r2","weapon","C","57","D2F11A00D68E8F39C4A3F46EEE8BA4167142B79CC0B79C2438A230892D4DCE5D","12642","false"
"r2","weapon","C","58","E382CF33E0F816AA73C3EFF997622AF37CDE4C81531B9FBAEE434ADD3D4B236E","17169","false"
"r2","weapon","C","59","68028605AC40B0CD916E5C596246926E01FC8D122501B6F8BF6BF7D2C3423E93","11530","false"
"r2","weapon","C","60","CA2845AA71C91C1D3C5CBABDDDEF65A9392C2D1507F82754A615B631F907DDB0","13175","false"
"r2","weapon","C","61","C4941C124921D28C421006A41E2DA34274A4C3FD4866D4145010B3304500B445","17115","false"
"r2","weapon","C","62","61CEAA97EE6A793C1D145510E21923CC25B706A26EE68A6488BEA1CF79A165A4","14743","false"
"r2","weapon","C","63","6175D772240E595880372D17A571C3045418562700970E85BFF457DCD63137FA","11174","false"
"r2","weapon","C","64","3F0AAC1F63E34BF2BD3F82F67B78C25A3C471BDF42E465F3FBA6BB802F43A2EC","21600","true"
"r2","weapon","C","65","35809DC4E13E3D9BCFD3177432310E1E061A272774B52F8720165D870805935C","9748","false"
"r2","weapon","C","66","B2A377FCE3D022467AE7A8A86DA16630C407F98AFB4F2FD6D1D1409C041779E8","15686","false"
"r2","weapon","C","67","A03B77A0B557AB9FD7243BA39C67581D4971CBB6C4489840AEB74E22BCFBF419","19069","false"
"r2","weapon","C","68","892E0E9AA062B9A533A019D8992B670F98C41316B5A905E3585AF95A9C64856F","15615","false"
"r2","weapon","C","69","9CB0EC7B82386179C1AA89B5924D68351B2C6AD937C0BC34F8DF699A498A94E6","21600","true"
"r2","weapon","C","70","B8BC1198AB3F0D4C2A5EF479E88398FE147DA44CF26BE857BAA003ECB0C83EC9","19270","false"
"r2","weapon","C","71","78A647165F67DBB222689F7A9FDBF476B7C867AEF099C6B76B19A9D7510BFB33","21136","false"
"r2","weapon","C","72","BA49AF5D710B588F001D87B18CF2BF600F8277057078D41EF1059DDE48C2910C","18834","false"
"r2","weapon","C","73","8FEB11721564CA57F137F12ED5E2052D27CB2F140108048594E05701C4103E75","7761","false"
"r3","people","A","42","9EE479F523C638197FB106322E763DA84DCD181413F56A68097ADD955EC9DE3E","21600","true"
"r3","people","A","43","A081941FB1A2B765031CFEF185986AB2C6F8658BC03332568F328A8190104793","18689","false"
"r3","people","A","44","95C5344A46232B6E0582F0C63420CC53B2B67184B2AD0280C87A925083A5F94E","18937","false"
"r3","people","A","45","4953FFE1774FF0672835F92E560CFD821C47CB0C99BDF8225FC3D76451000016","21600","true"
"r3","people","A","46","1783718C2D212831E8A816070DB6FFCAF7DAD6711187159681A0B8AB79C018A7","20533","false"
"r3","people","A","47","46AA790589495E2F77A31E3721B2F8B6188D9A9C3B52EC80460F787C96802995","18449","false"
"r3","people","A","48","952F53B3F4FDF35C3AF0792539D0AD48ACBAABFA68A8E1361CE89FF9CEB6FB61","21600","true"
"r3","people","A","49","32365C84F5619DB47F71B2FCF6E59AAC5A200396C590A10D9F5ED71A2DCF39A3","21600","true"
"r3","people","A","50","2684074E20906DEB9C7A19D7D564B5C7E1FB921D62FB13D4666C536DE7660C33","15085","false"
"r3","people","A","51","6FC7CE8E239BF2FD4D9F72701A45BE6D3779112AE801F61AEDDE2AF072E7E6ED","21600","true"
"r3","people","A","52","AA657C7B0C30873CDEF2460563E6B6929D4F3DAC9C63A42363EB459D5C37E3AA","20273","false"
"r3","people","A","53","2B045D8ED92AD1741FC6CE430E869354CAABABC296BDF3F5EBBC5FC24F5D29BF","18193","false"
"r3","people","A","54","C99178393F5A9D76E77A35EF5F7AF134FB98C5DE9A56D0436272A95B035E8C92","21600","true"
"r3","people","A","55","3BFCF4D060676D90656D1F579382ACC7E92DD46A5CDC32B3A7174466E136EDF6","19587","false"
"r3","people","A","56","90B55DD75B64FECA9D5CB6A187BC38B2FC47BD80962D9F91CF8F9A959B5E3E31","21600","true"
"r3","people","A","57","A9410FF802437A91494C5A13107B89B26432F92791E498276C4A884F2DB66DFF","17028","false"
"r3","people","A","58","650C40E1071C0C7BE45E918B8118E3E3FFC85105FA3C1B196D20325416FCE36D","21600","true"
"r3","people","A","59","E8936C62C74E7BF79D10E732352525FB21A5DFDEA451DD65E9542F42B77D1487","21600","true"
"r3","people","A","60","F66B020E5A0B5E7B809B7A12FC5C8145FACC30EA5CDC408DE98CEB3AA06C7BB9","21600","true"
"r3","people","A","61","321822698DA8BB87461A9A3DE33E4F8E0D15D7C9ED13C24E28C83A674CDA65C2","12119","false"
"r3","people","A","62","777A8A1778EE7241C9FA808638D5B2962FF2E329C9733B6409D35E2DABBB0801","21600","true"
"r3","people","A","63","8E981639C7A88D58C1214AD980DE3D86DB65DE3BFBE060B919E64A1307D72854","21098","false"
"r3","people","A","64","A165CE37A9B8ACAD579AD130C6D8BF014D5B67319FEF13B58FA39DCCB234C858","15087","false"
"r3","people","A","65","6E0E0F6D0AD3447E67F3106692758D699B24A1FB4AA112AB1CD8BAE97F7F1E98","21600","true"
"r3","people","A","66","CEED52A3817383ED77B76F39698FB100DA4A6BB89C7A0CFC708D34CF8569513F","16044","false"
"r3","people","A","67","FD41856ED81F730E9A46CDCC1565984BAA025D3BFB854007B5C6411AE9070DD9","19548","false"
"r3","people","A","68","7135D4A5FCAF684FBB6CED2EFAE77F4988DC93236E8C33802F062D20BA8DBAED","15111","false"
"r3","people","A","69","BF5FFC9C3C3B1CDC17ED346AEC9C1BA12C2B1C0F3ED76FB35B456050BC49E8EB","21600","true"
"r3","people","A","70","F2BE25654CA3371A5FF4B3FF95565C67E67EF6326C4448AD419A734DD30A0646","17661","false"
"r3","people","A","71","5AA11D3D50B5F43F6FD27882B03D7CA3F09AFC51B3EEC07953B28D6A7545C100","21600","true"
"r3","people","A","72","C2F6AF1C06B51FFBC1E935E1F34038561657880F7B9782ECA2BA92EFF44F898A","21600","true"
"r3","people","A","73","4F0B42129EDEB82BC90A110311B699341FA5E6EE42FBEC90AE9372AABA41D7B4","15943","false"
"r3","people","B","42","1733194532CAF17A0CA8DE39B7436E675CB5339A22E5D22787F38CFD33A5BAB0","21600","true"
"r3","people","B","43","9C57E1B3F82C151B361205F37F0FAAEF8623BB4F74B4E3F88B9734FD96FC2339","21600","true"
"r3","people","B","44","F0FAB914E2046CDC25D7EECB5919E5AC8E25EF05AA1C6D0F4D9698EFFEECE750","21600","true"
"r3","people","B","45","F95C117C7101CA91BD192024E56ECE4874A7F5DB6AA30AFCD8C4D2CD2EEC869E","21600","true"
"r3","people","B","46","AAFC682721F6960F8ED567FAD137C7BB11E0AF18D5B290FC612F8EE3C447423F","21600","true"
"r3","people","B","47","91A27735B3ABBE5A89BE6C8A9A8E1AAC7AACBFC9DCED43BAB8D6204087AFD433","21178","false"
"r3","people","B","48","00B4BE491F280160F89F97C395AB339D1FC3CC7A6CC7400DC6FBA5B1E7C92114","21600","true"
"r3","people","B","49","E66FC5B12075AA59FCFC1B7A1667775D6C7988C528745383160BE67770DEEBB7","13520","false"
"r3","people","B","50","3822CF457166A9E7FFE96EC7B617BF79CEA93E47F9045CD6BA50375766B53766","21600","true"
"r3","people","B","51","BAD16D2529CD08BBBB2F672D85AB31B934894D5BB63AC6A0A1F80560EF530EFD","21600","true"
"r3","people","B","52","731341C5C0C2903185C4CB8CFD7A805B86F1629D1A3DE8391A0A075BBC0C26DF","21600","true"
"r3","people","B","53","97A368724F55A7F962BF39C7CA8231B56111BAC45D77878096A04F9C215FD933","21600","true"
"r3","people","B","54","2E2F54B984C5CE7F19229630777506046B12677A9E775C707BAD21D7A9FCD964","21600","true"
"r3","people","B","55","0668653F247E61A55712EFBD22ABBFB025F215BB7829EF06A52B58772ED73CA2","19701","false"
"r3","people","B","56","ED5752BAB86B067146A6BBA3389D2896BDAF8950A51ACA86AE43CD2801E8C046","21600","true"
"r3","people","B","57","C1054E6E21F42F708E80C29D11F51587F6E55D3574918DB85657A12D9E0C43DA","21600","true"
"r3","people","B","58","4A3F052AB3BF64EFC635E46F946022781AD044A88EF348F6769C7179D0737D45","21600","true"
"r3","people","B","59","0D8EEEB0F92718838E053790DE958AA464C04D25F3412844D3229C74F55F0A7C","21600","true"
"r3","people","B","60","6EDB3EAE4EF593ADEA5518B73854DB0F655309684CA47548AD63AADB40168FBD","21600","true"
"r3","people","B","61","8EFDEB91319E2023B087BD967E1210ABD51E60AAEF8504B5CDD247097D47C674","20096","false"
"r3","people","B","62","485994406836AADCE99516926680D71CAC52C5662564135610739BFE9D518DB7","21600","true"
"r3","people","B","63","B25EA1FCE5994B0E633BFD9BC6E45F0AF29AFDD91CAB29E7FC73816C8DF6766B","21600","true"
"r3","people","B","64","1619F1446EF850FF57BED18BC2E49044B765E3B10A68146C1FE0A935B0C08CD5","21600","true"
"r3","people","B","65","D7BED2A720CB53ABD1F1623B6D072CEB6E08DFD7D272AD722E004020AD326D80","18294","false"
"r3","people","B","66","1E1BA53CEB64B985A91CC8CA3938700BDB9074B88DA636C8CF6A4C34A229072C","19637","false"
"r3","people","B","67","637FD4E6191647F19630529FEF7B43ADB7A98E546EA798E8F6900E8CD897D450","21600","true"
"r3","people","B","68","E83FF8B08C9D14EE859BCCE7FD11410BF8935B971A56F4EBAC0EF717EF01B462","17219","false"
"r3","people","B","69","37542F78227698C22CE713AFDA71CB42FD1FF9598E8936098FB06E82729C7B6F","21600","true"
"r3","people","B","70","3DD2382837A95FACC9EB9BEE729D2AE9EBF416E136DA47468730312173C7FBF5","21600","true"
"r3","people","B","71","1FB336DFD5C1C9A7C4712E461B57B5DC0DDF491FE98C809C09061EAF729E74C2","21600","true"
"r3","people","B","72","E9678FF67839C41444968E95012FD7D95E81FEE6A6D21825682203BD340A4D68","21600","true"
"r3","people","B","73","A8DEF1ACFBDED8A6A6EC4FD5FA99C4AFF2EB3A8BDBB9CDEEC6814649D561D82A","21600","true"
"r3","people","C","42","D59440EF4EDD940F8ED116C45D901168D6C7B4A6C7F930274F20BA94C512E839","21600","true"
"r3","people","C","43","BF16F9A02D8934F9C754FFBFB69DE42E53168F70795A3662BA2AE92FC52D968A","21102","false"
"r3","people","C","44","508C6E69DB932DDDE33E4B8D4625F84F376D70D318E938B02FA1CF7BE61047AA","20627","false"
"r3","people","C","45","D849BCA087D773A9032C67B780DFD4427222F611BFFA67D6E7CBAFC89DDBB51B","21600","true"
"r3","people","C","46","E6B7F67519EC23E77B6DDAB3E83CA8B4DFCE7F184B18919D62A07190CB3ACF3F","21600","true"
"r3","people","C","47","4A9688F2C22EB683D31CB19CB14164831C0FD2A0018B628CBDA81F148B509670","21600","true"
"r3","people","C","48","F0BA0C9C6A6C1A99D944B708B5AA748BD4F6C77CDB71DCF1D16B9CFFEC7A84C9","21600","true"
"r3","people","C","49","F6D55A5DD1DDFFDC8D5F7BE9B8345BA9CF9BCE58DB8AC74745000BA4E784C0C2","21600","true"
"r3","people","C","50","481AA411FAE714CC2437C8AFBA560207979605BCC32FFE4FBEB65413A921DBE8","21600","true"
"r3","people","C","51","EBB227F3D268E3ED39E1F8487172CF293DC497522220B4EC1C6FCBA3A5E4DE62","21600","true"
"r3","people","C","52","9CF678CC2C57B38BCA61B287486C31D9C7BC72700495B7D16B20A77EE64271C0","21600","true"
"r3","people","C","53","EEDE684BC8AC0EDBF42DEB2790BB00217C4A25B71812B2B723851344ADA0117C","19761","false"
"r3","people","C","54","AD015328E52FDB2EDADD7A54380082FAB775AAFD474E8EF3E2A759A271D6E161","21600","true"
"r3","people","C","55","A45B5CA2400DFB48196895E08280B6FCAEE79D4995ECF851CFD29BB25FC3443A","15750","false"
"r3","people","C","56","DE7E30A2B13F9AC0267CE3FE3E3639DD49C17E85E5115859A28C07EA17E76B95","21600","true"
"r3","people","C","57","8DB489E6AC9529AD36DD558A36D39C438B80AE09C2329793E05DA52A3AABCB4C","21600","true"
"r3","people","C","58","B15D2A14DE44203A09A4C9BDE7B59DDDF1134CE4A2F920A341B31FDE8A5B72ED","21600","true"
"r3","people","C","59","94B9B6B97A6A67A662D95A8F3C4B01BC504DB81378D411A5CBBC3F93CD11F156","21600","true"
"r3","people","C","60","8B84BFDEDE8A917AA6EF9B0B7BCC746F6AECD7FE5C7A0ACC4E9F6BB43C293CAE","21600","true"
"r3","people","C","61","6C05A0BC93A41348B92CB50A300AC7253C52009B8881AB83919666895FE1654A","14148","false"
"r3","people","C","62","CE1CAAC5D75C28B55386B41846F4C3E4D6482B871895E38B3A3EC835C4B40A14","21600","true"
"r3","people","C","63","8EB4F6EF6FB45F22C6A454F1938EE4173C8BB48C15B705BB039EEB3EC04D27F5","13717","false"
"r3","people","C","64","F3933455726826043564E39DCE080ABA64B72D6F04AEC8617B9E6572AF4AAA89","21600","true"
"r3","people","C","65","DADDACE8C7E6768ACADAD765470243F3298047D778863E9D4AA9B45DAE73BC09","21600","true"
"r3","people","C","66","F6737422B6DB19A2AD3840FD7CA8EAFD7761AAA8D1A3F1D5DE1819FFF01C0DA9","12178","false"
"r3","people","C","67","A7CDC8B0235F2467768643DD9163780287DA01DA0C4433A69DA9A0E91EB0B7F2","21600","true"
"r3","people","C","68","92CDA41033589AB982251D0CC3EBB71C74B9D0C72CD937984827F7400C0343C1","21600","true"
"r3","people","C","69","97AA991F7EE7F578ABD8912113E11A51988D72BA5732C4C270C39291757C945C","21600","true"
"r3","people","C","70","A8A0A6889E71C8807D10CE88AFF552F2128E8048CB0CDFD84A46502E84ADE996","21600","true"
"r3","people","C","71","9AFA578E66E8669E2CE9B79F19962E05CE1BF17B342CC01C5282B648987C70A9","21600","true"
"r3","people","C","72","F8B280280646E6B7455A93DD6BBABEC2A6B84DDB1540575A7D1BBA52DE6FFF29","21600","true"
"r3","people","C","73","111FBEA602C62667D85FAC2FFAECFCB298DF111D3EFC752C5453D30F5AB754E5","21600","true"
"r3","weapon","A","42","9F00A5BC07E0B3C220FC459172C56532E1405EBF6A48572297F4DEB5BE7846B2","21600","true"
"r3","weapon","A","43","D689A20F43127AB0F8D748333737235C04F5B821F8EB3B068B8BFC8A8EC11036","13464","false"
"r3","weapon","A","44","FE5219CEB495FB87B69FA71E28B903778E458D268690080288A85917237213B3","16170","false"
"r3","weapon","A","45","FE9C71808BB2D1E26F9736562E152D372F0298ED5C817E68FA3088E7F24AEBAB","13608","false"
"r3","weapon","A","46","4C8F444E8CE7491AB4486D99E464E0583C09EA07C3D184E955E77EB0B8E851EA","13564","false"
"r3","weapon","A","47","0A9A57E7E3F5571C18B0BADADE2BD9D78BC1E2BB8953F2FE39A9A3BD1552B715","20460","false"
"r3","weapon","A","48","E44C646AD1727D162EDB69A70B83C20DDECC0EE7EDB980F050F318EB0256BB03","12619","false"
"r3","weapon","A","49","27D923A522DCBA202A6B534AEBEDE0E40CDFE47FD00298C947FA547455A2D775","13708","false"
"r3","weapon","A","50","80D842C9F9244913A4A727070D7C0C879C49D77C5F885F6FB0D26E2C5D2BBEA3","15809","false"
"r3","weapon","A","51","75B914AEFA623004A70441D47784D1C38D04082CC32AC0060DEAE039200DF436","15091","false"
"r3","weapon","A","52","D0DE8650BDE416DEF46AEDBE34EFD256E818A9F3453E2EAD6A7BFB0E51403AFB","21600","true"
"r3","weapon","A","53","1856CE44B2FBAAD31E87904FE562BC9A64A2178F96DE48BEC983030BADD1D72B","21600","true"
"r3","weapon","A","54","0275B058D2052E674A6B834032F71E3DDFC626A16C9D24C75DB15803B95423C4","21600","true"
"r3","weapon","A","55","70514BD21146E3EDB5AA7C29D7C1702BCE99C02910C1281B7DC9CF41653CDF5B","16597","false"
"r3","weapon","A","56","439BECDE883E444A807FB761F34E96A95B07B3767D04835DCE9CE53A877EA0B3","20664","false"
"r3","weapon","A","57","4182FDE04B554CEA93C5B794854CC062364E127FF3CB77CDA635B29981151E51","10449","false"
"r3","weapon","A","58","F5F056D475BB8F2E9682989C6B4FFB8064B9B260575595A25ADF4A8A71E20C77","16964","false"
"r3","weapon","A","59","0877188902F6A4DDC9056C7E1015A2B22488CE371AF54EC8151BCE1087BCF3CD","11530","false"
"r3","weapon","A","60","049628ADB009AE16AE6AF83BFFABB649FE10E0B3D561AB000B268D386540DE26","12480","false"
"r3","weapon","A","61","E54F79A462B82A1D3D9008FE273A6A9A77D0B1C10EA159E62A41A717A1249955","15729","false"
"r3","weapon","A","62","26DB0EB8F01BFEF1A72848005764D837A7D25AB94C1F76773D1D2BE4B1CF5336","14743","false"
"r3","weapon","A","63","18ABF51DCADBC9495B0C67D1968875D3800938C381415BC10A8D4F002EDC195C","17934","false"
"r3","weapon","A","64","7868FCC06764E62F01913B462A8621CA2F9CDE3718478D9FF49EA153FE44372C","16967","false"
"r3","weapon","A","65","F1E241C6672614B18807B2F4A2F5F6C46DEE11F8C48BAA25489BCF4CB5069930","12576","false"
"r3","weapon","A","66","BA9B94C7D7177DE2D6BB4860970BC3B4EB6A5639755F68CFF03EB3FE8DA70FFE","13986","false"
"r3","weapon","A","67","82C54DFC9BB87A391CFCDFA44030A550C742DFE04FF55D04B6182D7166E8869F","14352","false"
"r3","weapon","A","68","6F0550B72AED56F526F0322D446FFFFAB706338CC8C97DEF04140A38E642A339","15473","false"
"r3","weapon","A","69","83955EF79AEE8295DE3538B39A0A0DE70C804319B597844CC4374626E049409D","13080","false"
"r3","weapon","A","70","706A2EA0BD2B97BA5DF72371B260FB6A12560AD11865A343E45B0A7FE4513EE5","16692","false"
"r3","weapon","A","71","83013E39FC2E4028273794AAF4CA102694753C1B37E8F53C0FB4FC3D1B6D34EB","20619","false"
"r3","weapon","A","72","55E7E984D218B436516323F859D79E07ACA59F2EFBD2F8929A38D83FF13EC1E4","20104","false"
"r3","weapon","A","73","03E174CA8A5855F247A38BBDD38C542E91BE2FC9E5FD77ED6FB78BA13F8E5E58","7761","false"
"r3","weapon","B","42","0D6AAF65DCFF1CE7E21454B81A9F257D111E803B041FA2340AC158CEEC15449F","21600","true"
"r3","weapon","B","43","BC1A88354C69BD4233663D861B8D58C41CF6C9C7E3A784650F9322D4A5B07209","13464","false"
"r3","weapon","B","44","B3F9543463F797380731B1502931D71F62D2B7626B662E9CAF8A648C01C0EC09","18292","false"
"r3","weapon","B","45","FEBE44331D62F2DCFF6782E4F3E236773D8CD711CD5B37F232F56DABD1980AEC","19241","false"
"r3","weapon","B","46","79B7EA0E4184B2FB0CB9693663866AC2AC27DC5E4B4A0C7C8D1E564165E485F7","17649","false"
"r3","weapon","B","47","0600D80092B07C7107CB8B1E1F9DAF1C9F09CC9CE62B1B30CA8A8F92573FFCD8","18952","false"
"r3","weapon","B","48","8E412BE93FC8F9057A03984064AAEF005E9805396016AB94397A74C421C619EA","12619","false"
"r3","weapon","B","49","6A91EF18106CDAD6B70E92061C2EF0ECA7A3B9AB30B2CFFC74677D364071549F","13708","false"
"r3","weapon","B","50","90FDEA86975A14AF6C09480E99F851BB945CC414FE637401F73B2676C92F75D9","17644","false"
"r3","weapon","B","51","ABB17D1F5FC077E2EA90A9AC09F964D475C7F4A2F57950C34A58F96CA08E239E","17331","false"
"r3","weapon","B","52","71AE9034E37DD5AF4894C6692476657382AE2D5A848FBAE516DB6FE82716FF6D","21600","true"
"r3","weapon","B","53","69295D64D2276639853F05CE00086FCE972AF420BBAC8BAF14FC12554C5CBB24","17477","false"
"r3","weapon","B","54","93FFAA791DF134AC2CE55ACFAE544CBD2AB98F5AAD076290762F0399860EA0AD","21600","true"
"r3","weapon","B","55","BB1DB2876F53422F648E843E4CFAA069047C015B24DB122BB48A6ACA0C1B40BD","14756","false"
"r3","weapon","B","56","13E502974B88B737B87F745859E9093E370C7A61C2D14D0239D15D9CA4E0FA1E","20664","false"
"r3","weapon","B","57","FB41C0CF4C17A8082A54B4FB48A20AA659BFEFF6634F544E4E2E007B0E413977","14089","false"
"r3","weapon","B","58","F8D9CAADBCE38C8EAB28A730B80E4FA5152485FF974818CE083DDC0D0A8040DF","21147","false"
"r3","weapon","B","59","53C1B7FF619E0B8825A575A67F7D2ACCA78E329456D594F4CD26CDB412AC1E58","11530","false"
"r3","weapon","B","60","3880AC0640828545766999F5D79CA26F6A3598A0DBB1E0A1B56B1E8EE5B6AAB9","12480","false"
"r3","weapon","B","61","DB9F38DE88B4AAC7FFBECA3D100C30E93A882574DBD694F08C69E48CC1229229","20365","false"
"r3","weapon","B","62","B3FB46C74173CCC227D68B5CC9141CC554B667C2C0E789CEA1CE405054511D7E","14743","false"
"r3","weapon","B","63","E60DFE07D7D976EF28890B68CA7580359AD90433EACC7DD2412414574B7B0F9C","12966","false"
"r3","weapon","B","64","7CC3668F061666DDEDE7F47E0D0DF82B80A01DFC99414DEE9B3DB42CD4660BB2","21600","true"
"r3","weapon","B","65","1BE2B69B124130C5EE32FC0954FA7826C867A45F7A6F7F42C4D7CDC56754D98B","12168","false"
"r3","weapon","B","66","6B082BF317208DDEB172F18295E3BA50FDE1E64A3F00145281A9B84867AAB98C","14561","false"
"r3","weapon","B","67","DE1A8C55AF134A97DD7DCAA33CC2CD13C3F3B79667080B13312C26633EBC2977","14352","false"
"r3","weapon","B","68","739ADFAB8A11A00740B3E4B3A03AFB75386E7887D50BC7E4485A11F7C23ABF7E","14757","false"
"r3","weapon","B","69","EE7AD6FE11984B63E58B80722A5A07A4ED4CC1BA289D08E19D233DD6AE9C80DC","21600","true"
"r3","weapon","B","70","156C95B799ECF4DCDD5F357B48A4C8D8282B343365E1A2DA8FA4E473D57721B4","21600","true"
"r3","weapon","B","71","5CBBEC1AE6D01498E322987708C80772849C74B1CD154B8310E2E5C602EC114E","21600","true"
"r3","weapon","B","72","A5D9D6F119505C968B5CC72AD9B295046614ED87569FFE59E456B4CB3D7350A1","21600","true"
"r3","weapon","B","73","980F53B3B667FE1CCC5E3495F084A417C48E0668F61BD68231565D7E51D50EBA","7761","false"
"r3","weapon","C","42","57B269FFFB121CDA85EE1CEBAE8B9A48D3AF59306C45D90C1B38BD5D288F6944","17077","false"
"r3","weapon","C","43","7293BEF385537FAE7DFBD6E43B64B2829395EC6BC9708D265B02587162F0FB79","13464","false"
"r3","weapon","C","44","B8C2A4D9AA8E005597FFBBCED0B3485B88BD6DC6E344F95C7AD555B6BACEE927","15629","false"
"r3","weapon","C","45","2C97BA0E32DBBC6A3F5CDCA91F864776766F4AEF053F0043E74552C393FB26BC","14138","false"
"r3","weapon","C","46","83DB9B90CC0F6BC12C43C9B517C012501EB657240189FDEBF1CF930B7EF598DC","12626","false"
"r3","weapon","C","47","CE2E3B80778642341747D3A61BAA9B1251B0FA26706E29A34B5E9503CA403928","21600","true"
"r3","weapon","C","48","4DB55704827A6605AC6A477485C7312FC35D12E254711BC89368ACD4AB5A7D8A","12619","false"
"r3","weapon","C","49","62306B123D42BDE276DC83FEFD96170268532633DB4836DDE48537310921A7F6","13708","false"
"r3","weapon","C","50","C2545313274B126931D2CF9D8A8D58BF9F8D2FD6751955EB78020AA198A6C413","16709","false"
"r3","weapon","C","51","D04E20506375FBD23AEF4129DBA46675444222040AE527FC369DFE1311C06080","20636","false"
"r3","weapon","C","52","784BE1BBA971C8415B760DD33D5074C44416286C92C0D57A08247312175FFCA0","17845","false"
"r3","weapon","C","53","D8C4221DC328CBD36069856BFA5C2E8E4A7EF8C7A66F28D9CDA82A3C16A2AC1E","21600","true"
"r3","weapon","C","54","243C8D2C2EEBD94551796DEF7B36D293E120C623300C774D123C4303FEDFC4B7","21600","true"
"r3","weapon","C","55","FA612765DB2DAD30BFDAE073059FD6AD7A9C40F8DC6A07579761E42F70377EEF","20631","false"
"r3","weapon","C","56","602315640CDC73403E3D3F444F8F5528CAB758D12906CD215B13B4B5478CE5FB","20664","false"
"r3","weapon","C","57","88D763321441E593DF2C569CDB724FD7CBA082F5A98688F3237A9796346E06BD","13820","false"
"r3","weapon","C","58","E20D89FE8FAB6010A50C022910BAB4B8931435DAE68DACEF12E57F731FCD1C5B","16812","false"
"r3","weapon","C","59","26E4201F8A005FBE487E124D04F58DA38CEAA6BDBAF71B88606025CAAC6EB4FC","11530","false"
"r3","weapon","C","60","4B9CD4C559F2AA10DE53BB08A1DCABA99B9B620926C1C63139D09102B780907A","12480","false"
"r3","weapon","C","61","060F0340FFD5046CCC21482D23C410C44FB96542D90BF70874729EF6A867E4F3","21600","true"
"r3","weapon","C","62","3056DAD31F3E84EC928E6D54CCEF309DFD0ED3A1AA7ECB620AA2D3C4BAAA3FE1","14743","false"
"r3","weapon","C","63","25068FCDCAD2F7E858EC0828597802CD213F8355D6894E38DA1F5D4E66360391","14429","false"
"r3","weapon","C","64","563FB18B16D46237497C5A3F34D58C53004967E29957B091510FD22F384DAC65","17710","false"
"r3","weapon","C","65","62CA00F3B5FF03401679F7C28F9E2512E19CBE3832F8C2421AB7F211D1EA26A0","9748","false"
"r3","weapon","C","66","D8985867483C5BB6D31BE7CE7114138996BDFF845E081B03A5088774E36EDBC2","15255","false"
"r3","weapon","C","67","5409B99B2C08643F0BD91C6626B8CD4BA12F2EDE8A8A60B94A030C0A6FB81CD1","14352","false"
"r3","weapon","C","68","A4D6415C71925FD4C0C467D9D0B91A8325358FDF55DD188B27EE5085675982B0","14090","false"
"r3","weapon","C","69","79E3CE31F3124323F9B13D81E9449B19DD2E923BD883D0D30F72BDA700F34427","18647","false"
"r3","weapon","C","70","D77E343E83DF24D6CAEB9CA5D952DE4797349C838DF357A64D7758D7FDA3B1B9","19125","false"
"r3","weapon","C","71","AAF8ECC761DFE4C347437D052F90ABB84994508F569CDFDF8E1B424A03FBBC29","21600","true"
"r3","weapon","C","72","07C58408CA3689EFCCD80D9C5F2A710CE5D0135404D0AC8EE152DC67BE9412C9","18117","false"
"r3","weapon","C","73","32DB97B5AD117BA2C8FFED77C32950B980658C32D8DABF1E8BB2BA27E4A0B658","7761","false"
