"file","bytes","sha256"
"runs.csv","37970","d9e062861cdece7643b6255a48e85f22b468f630819114c522ca02924121dc31"
"timeline.csv","248268","abfd1fa9b8d8e95d419af360b0384b4b98d32528d6b964ddaef16dd7d6dffe64"
"cards.csv","198289","c472c68f33c95f8b5f06e4d07331b95aae80aef2a488f08fccdd6aa418af06bb"
"loot.csv","72284","0b109a11abe57b670484b2887cd68f552316a494423ed49fa771cb5ef9435f36"
"effects.csv","121994","dfeb4876a133c3d9ac8a843639364a0a6e559f6f05f6608a55987d28b815658d"
"determinism.csv","11863","a134e7e94b25e6fdcc976f7c1697495495e058ea06951cbc1359ba79bacfd997"
"metadata.csv","28464","f7606e548a7c1ddeca5413b0da5bcd77d44826e963c948b7717e6b4f76f8d21f"
"movement-samples.csv","166816","53069a30794da803a37092178a09bb6199f165d5569243f9de9e0c5b2554d4fd"
"farm-wait-events.csv","13430081","bc504c3dbb6e56f9ce9b730cecb1d7ba6682eb41fe97957bdf5d2e479bea2b26"
"movement-equality.csv","227","6ea8799a5b0286cd6d08f7143e11df4819009b98c49e90d16a09fe29cbed876b"
