"key","value"
"sourceCommit","d9653353f0c17fcea756910d9b1db28d400680b6"
"sourceTreeSha256","FC2A656588CE02BC9EDE9CAA325BED545ABFFAB271DC112872770967C937261E"
"profileId","core:s4b_02"
"profileSha256","1B7A9983B7AC8B04F8E7803502D96967E7592BF49B9A5936B4F4347A236828BE"
"contentSha256","3318124EDB60EC931A12EBA1C286AACA6CB3D02160D707DDD241E4BB331A6C7D"
"mode","A"
"distinctCases","576"
"seedBlocks","32"
"repeats","3"
"remainsTuningJson","{""remainsLoop"":{""capacity"":1000,""lifetimeTicks"":900,""absorptionRadius"":600},""fertilityPerKill"":1,""fertilityGrowthBonus"":1}"
"baselineStatus","not-instrumented"
"baselineCases","576"
"baselineSourceCommit","bcaa00f763ec6950707635569befb558e8de1731"
"baselineProfileId","core:s4b_02"
