"policy","peopleRule","movementMode","distinctCases","created","absorbed","expired","dropped","active","fertilityTransferred","fertilityConsumed","growthBonusApplied","fertilizedHarvests"
"weapon","A","circuit","32","89390","74002","14035","0","1353","74002","61943","61943","12660"
"weapon","B","circuit","32","141890","117444","22310","0","2136","117444","83390","83390","28422"
"weapon","C","circuit","32","117181","96404","18872","0","1905","96404","74949","74949","18144"
"land","A","circuit","32","96170","79217","15697","0","1256","79217","68584","68584","10699"
"land","B","circuit","32","163192","132319","28196","0","2677","132319","96529","96529","33108"
"land","C","circuit","32","133050","107160","23797","0","2093","107160","83723","83723","17936"
"building","A","circuit","32","104962","84887","18633","0","1442","84887","74737","74737","10619"
"building","B","circuit","32","173970","138608","32455","0","2907","138608","98949","98949","32948"
"building","C","circuit","32","148762","116847","29453","0","2462","116847","93233","93233","18515"
"people","A","circuit","32","106692","83485","21454","0","1753","83485","75199","75199","9497"
"people","B","circuit","32","200966","153283","43905","0","3778","153283","109102","109102","37266"
"people","C","circuit","32","174099","135028","36052","0","3019","135028","106549","106549","22481"
"mixed","A","circuit","32","97652","77585","18484","0","1583","77585","70291","70291","8986"
"mixed","B","circuit","32","170193","131558","35348","0","3287","131558","94550","94550","31253"
"mixed","C","circuit","32","142621","111739","28465","0","2417","111739","90607","90607","17358"
"random","A","circuit","32","96839","77932","17650","0","1257","77932","68613","68613","9609"
"random","B","circuit","32","160342","128617","29090","0","2635","128617","91778","91778","30492"
"random","C","circuit","32","144084","115054","26770","0","2260","115054","91983","91983","17626"
