"pr","title","closed_at","merged_at","disposition","url"
"14","build(deps): bump gitleaks/gitleaks-action from dcedce43c6f43de0b836d1fe38946645c9c638dc to ff98106e4c7b2bc287b24eaf42907196329070c7","2026-10-08T01:55:36Z","","consolidated decision issue46","https://github.com/hyunlord/bs-mobile/pull/14"
"15","build(deps): bump actions/setup-node from 4.4.0 to 7.0.0","2026-10-08T01:55:40Z","","consolidated decision issue46","https://github.com/hyunlord/bs-mobile/pull/15"
"16","build(deps): bump actions/setup-dotnet from 4.3.1 to 6.0.0","2026-10-08T01:55:43Z","","consolidated decision issue46","https://github.com/hyunlord/bs-mobile/pull/16"
"17","build(deps): bump actions/upload-artifact from 4.6.2 to 7.0.1","2026-10-08T01:55:46Z","","consolidated decision issue46","https://github.com/hyunlord/bs-mobile/pull/17"
"18","build(deps): bump actions/checkout from 4.4.0 to 7.0.1","2026-10-08T01:55:50Z","","consolidated decision issue46","https://github.com/hyunlord/bs-mobile/pull/18"
"22","Bump BenchmarkDotNet from 0.14.0 to 0.15.8","2026-10-08T02:08:44Z","","superseded by grouped PR51","https://github.com/hyunlord/bs-mobile/pull/22"
"23","Bump Microsoft.NET.Test.Sdk from 17.11.1 to 18.10.1","2026-10-08T01:55:53Z","","consolidated decision issue46","https://github.com/hyunlord/bs-mobile/pull/23"
"24","Bump xunit from 2.9.2 to 2.9.3","2026-10-08T02:08:48Z","","superseded by grouped PR51","https://github.com/hyunlord/bs-mobile/pull/24"
"26","Bump xunit.runner.visualstudio from 2.8.2 to 4.0.0","2026-10-08T01:55:57Z","","consolidated decision issue46","https://github.com/hyunlord/bs-mobile/pull/26"
