"path","bytes","sha256"
"automatic-dependency-ci.log","200773","5fdb52c315a93edcfe67a75df9ac6d655fe6cf1e2ce3295540a03ed8bd1d7e9c"
"automatic-merge.json","183","7de4469d63ff310c9cc20b49bd5806c656ef5ddb58ec2a4342fc0402960e6b9c"
"dependency-first-failure.log","3428","32d611fa0133cedcfad18b33efbc6124fa699d092da0bb93fcf73b0326c02810"
"dependency-recovered.log","26562","a09a6d551dd2fb527e13a0639d12ee561a56f9023e63b97aaa7658bdd3b2e6a5"
"foundation-ci.log","158414","479cb4a53427fb25f487decfcda8ad4c5d11ef796eb2d2c35f4ab5a7ab088f51"
"independent-policy-tests.log","3632","a3a1bb4dd2bc789fb82a5767548b4dd670327beb48f0343077e13030364e9810"
"independent-runtime-fix-tests.log","4012","7a850dc689c18c5a12a64ad2e1eeaeca7ab070717d32611606707e9c5b492a74"
"local-full-gate.log","19027","1b54bf76ee8e84483609ac2eabcae39e46ff25d5258675f6e05969a832e06027"
"major-routing.log","26951","c1c1b21e5b9d4b7410ea9152331d58f2a2045ee4d015cd390decad7178060829"
"manual-dispatch-ci.log","194167","9d92dbcef31dd9ae3162de6b386424de0ee767089b64c17158a256cd3cb5e55f"
"negative-ci.log","16448","a21487cb705dced95be8c6f93119885f346ea296476dbdac3ce896cd2e921cda"
"recovery-ci.log","164468","b5c17d9db2b81bfdfcfa2b126021973354c5638733da0110fc86b84034ab7fd1"
"tree-after.csv","72","db561069c4b3b1f7b2f5e2355d514a77528b486d6213c3658a7501a92de086fa"
"verifier-tests.log","369","424401e7903850c66993aec7bf4ec9b615833fdfb2daff8f6e2adebf513d043c"
