"peopleRule","seed","cofirstPoliciesJson"
"A","42","[""people""]"
"A","43","[""mixed""]"
"A","44","[""people""]"
"A","45","[""people""]"
"A","46","[""people""]"
"A","47","[""mixed""]"
"A","48","[""building"",""random""]"
"A","49","[""people""]"
"A","50","[""building""]"
"A","51","[""land""]"
"A","52","[""weapon""]"
"A","53","[""mixed""]"
"A","54","[""land""]"
"A","55","[""people""]"
"A","56","[""weapon""]"
"A","57","[""land""]"
"A","58","[""people""]"
"A","59","[""people""]"
"A","60","[""building""]"
"A","61","[""land""]"
"A","62","[""mixed""]"
"A","63","[""people""]"
"A","64","[""building""]"
"A","65","[""people""]"
"A","66","[""land""]"
"A","67","[""people""]"
"A","68","[""people""]"
"A","69","[""land""]"
"A","70","[""land""]"
"A","71","[""mixed""]"
"A","72","[""mixed""]"
"A","73","[""building""]"
"B","42","[""land""]"
"B","43","[""people""]"
"B","44","[""mixed""]"
"B","45","[""people""]"
"B","46","[""people""]"
"B","47","[""people""]"
"B","48","[""people""]"
"B","49","[""mixed""]"
"B","50","[""land""]"
"B","51","[""random""]"
"B","52","[""weapon""]"
"B","53","[""mixed""]"
"B","54","[""people""]"
"B","55","[""random""]"
"B","56","[""building""]"
"B","57","[""people""]"
"B","58","[""people""]"
"B","59","[""building""]"
"B","60","[""mixed""]"
"B","61","[""people""]"
"B","62","[""land""]"
"B","63","[""people""]"
"B","64","[""land""]"
"B","65","[""people""]"
"B","66","[""land""]"
"B","67","[""land""]"
"B","68","[""land""]"
"B","69","[""people""]"
"B","70","[""land""]"
"B","71","[""land""]"
"B","72","[""weapon""]"
"B","73","[""land""]"
"C","42","[""mixed""]"
"C","43","[""random""]"
"C","44","[""people""]"
"C","45","[""people""]"
"C","46","[""people""]"
"C","47","[""people""]"
"C","48","[""mixed""]"
"C","49","[""building"",""random""]"
"C","50","[""people""]"
"C","51","[""mixed""]"
"C","52","[""people""]"
"C","53","[""people""]"
"C","54","[""land""]"
"C","55","[""random""]"
"C","56","[""weapon""]"
"C","57","[""mixed""]"
"C","58","[""land""]"
"C","59","[""land""]"
"C","60","[""mixed""]"
"C","61","[""mixed""]"
"C","62","[""people""]"
"C","63","[""random""]"
"C","64","[""building""]"
"C","65","[""people""]"
"C","66","[""land""]"
"C","67","[""land""]"
"C","68","[""building""]"
"C","69","[""weapon""]"
"C","70","[""land""]"
"C","71","[""mixed""]"
"C","72","[""people""]"
"C","73","[""people""]"
