"policy","peopleRule","movementMode","unit","caseCount","sampleCount","median","p95","min","max","under500","from500To1499","from1500To2999","atLeast3000"
"weapon","A","circuit","world-unit","32","1754","3231.0988842807024","3841.874542459709","0","3964.6518132113442","32","0","0","1722"
"weapon","B","circuit","world-unit","32","1889","3231.0988842807024","3841.874542459709","0","4242.640687119285","32","0","0","1857"
"weapon","C","circuit","world-unit","32","1823","3231.0988842807024","3841.874542459709","0","4225.70420166864","32","0","0","1791"
"land","A","circuit","world-unit","32","1909","3231.0988842807024","3841.874542459709","0","4225.70420166864","32","0","0","1877"
"land","B","circuit","world-unit","32","1945","3231.0988842807024","3841.874542459709","0","4242.640687119285","32","0","0","1913"
"land","C","circuit","world-unit","32","1892","3231.0988842807024","3841.874542459709","0","4208.836418774196","32","0","0","1860"
"building","A","circuit","world-unit","32","2015","3231.0988842807024","3841.874542459709","0","4175.3102878708305","32","0","0","1983"
"building","B","circuit","world-unit","32","2101","3231.0988842807024","3841.874542459709","0","4242.640687119285","32","0","0","2069"
"building","C","circuit","world-unit","32","2099","3231.0988842807024","3841.874542459709","0","4158.653628279229","32","0","0","2067"
"people","A","circuit","world-unit","32","2156","3231.0988842807024","3841.874542459709","0","4142.069048193185","32","0","0","2124"
"people","B","circuit","world-unit","32","2304","3231.0988842807024","3841.874542459709","0","3841.874542459709","32","0","0","2272"
"people","C","circuit","world-unit","32","2189","3231.0988842807024","3841.874542459709","0","3996.198193283211","32","0","0","2157"
"mixed","A","circuit","world-unit","32","2006","3231.0988842807024","3841.874542459709","0","4125.557416883202","32","0","0","1974"
"mixed","B","circuit","world-unit","32","2028","3231.0988842807024","3841.874542459709","0","4044.1246271597515","32","0","0","1996"
"mixed","C","circuit","world-unit","32","2128","3231.0988842807024","3841.874542459709","0","4092.756528307053","32","0","0","2096"
"random","A","circuit","world-unit","32","2015","3231.0988842807024","3841.874542459709","0","4125.557416883202","32","0","0","1983"
"random","B","circuit","world-unit","32","2063","3231.0988842807024","3841.874542459709","0","4175.3102878708305","32","0","0","2031"
"random","C","circuit","world-unit","32","2074","3231.0988842807024","3841.874542459709","0","3980.3839010829092","32","0","0","2042"
