"peopleRule","policy","caseCount","survived","ticksSum","levelSum","combatDamageSum","cofirst"
"A","weapon","32","5","513554","937","6077822","false"
"A","land","32","13","559583","935","6575976","false"
"A","building","32","15","592179","958","6982364","false"
"A","people","32","19","635191","970","7477142","true"
"A","mixed","32","17","589836","921","6604857","false"
"A","random","32","13","592646","936","6636621","false"
"B","weapon","32","6","553403","1144","9943672","false"
"B","land","32","18","571364","1159","10973023","false"
"B","building","32","19","618614","1201","11575488","false"
"B","people","32","29","681275","1294","14022492","true"
"B","mixed","32","20","596670","1175","11204029","false"
"B","random","32","17","606832","1169","10971043","false"
"C","weapon","32","5","533495","1063","8534476","false"
"C","land","32","14","555216","1059","9295395","false"
"C","building","32","19","618488","1121","10352453","false"
"C","people","32","24","646249","1164","11507334","true"
"C","mixed","32","21","627013","1109","10551260","false"
"C","random","32","18","610930","1098","9868894","false"
