"peopleRule","seed","identical","mixedChoices","randomChoices"
"A","42","false","29","28"
"A","43","false","34","31"
"A","44","false","28","30"
"A","45","false","17","22"
"A","46","false","25","27"
"A","47","false","28","27"
"A","48","false","27","29"
"A","49","false","33","31"
"A","50","false","25","27"
"A","51","false","30","30"
"A","52","false","29","27"
"A","53","false","34","30"
"A","54","false","26","23"
"A","55","false","17","27"
"A","56","false","31","22"
"A","57","false","30","28"
"A","58","false","22","38"
"A","59","false","30","29"
"A","60","false","32","28"
"A","61","false","34","33"
"A","62","false","29","27"
"A","63","false","27","27"
"A","64","false","27","31"
"A","65","false","24","25"
"A","66","false","25","27"
"A","67","false","25","32"
"A","68","false","32","29"
"A","69","false","24","33"
"A","70","false","27","25"
"A","71","false","27","26"
"A","72","false","31","27"
"A","73","false","30","28"
"B","42","false","27","35"
"B","43","false","39","42"
"B","44","false","43","40"
"B","45","false","17","22"
"B","46","false","44","30"
"B","47","false","34","29"
"B","48","false","32","33"
"B","49","false","43","42"
"B","50","false","32","41"
"B","51","false","40","44"
"B","52","false","40","29"
"B","53","false","44","38"
"B","54","false","32","36"
"B","55","false","26","33"
"B","56","false","41","22"
"B","57","false","40","33"
"B","58","false","21","38"
"B","59","false","40","39"
"B","60","false","43","38"
"B","61","false","39","44"
"B","62","false","38","35"
"B","63","false","37","29"
"B","64","false","42","41"
"B","65","false","34","34"
"B","66","false","28","27"
"B","67","false","39","42"
"B","68","false","41","43"
"B","69","false","25","42"
"B","70","false","24","36"
"B","71","false","36","28"
"B","72","false","41","36"
"B","73","false","41","36"
"C","42","false","36","28"
"C","43","false","38","41"
"C","44","false","39","35"
"C","45","false","17","22"
"C","46","false","39","29"
"C","47","false","33","28"
"C","48","false","31","28"
"C","49","false","35","38"
"C","50","false","34","40"
"C","51","false","39","38"
"C","52","false","35","38"
"C","53","false","37","37"
"C","54","false","25","28"
"C","55","false","29","30"
"C","56","false","38","22"
"C","57","false","37","29"
"C","58","false","20","38"
"C","59","false","32","35"
"C","60","false","39","35"
"C","61","false","41","33"
"C","62","false","35","33"
"C","63","false","30","38"
"C","64","false","39","38"
"C","65","false","27","31"
"C","66","false","37","27"
"C","67","false","31","38"
"C","68","false","37","42"
"C","69","false","23","38"
"C","70","false","26","32"
"C","71","false","41","37"
"C","72","false","37","29"
"C","73","false","40","31"
