"policy","peopleRule","movementMode","endKind","interpretation","events","meanSeconds","medianSeconds","p95Seconds"
"weapon","A","circuit","harvest","completed-harvest","35724","23.08167618407888","30.133333333333333","34.2"
"weapon","A","circuit","destroyed","competing-destruction","61922","7.568234768472118","3.5","25.2"
"weapon","A","circuit","death-censored","right-censored-lower-bound","2221","14.186462554404882","9.866666666666667","30.166666666666668"
"weapon","A","circuit","duration-censored","right-censored-lower-bound","235","13.31078014184398","7.3","25"
"weapon","B","circuit","harvest","completed-harvest","78439","27.96210728505529","32.833333333333336","33.36666666666667"
"weapon","B","circuit","destroyed","competing-destruction","123480","4.474859896336939","1.6","21.766666666666666"
"weapon","B","circuit","death-censored","right-censored-lower-bound","5200","16.091115384615367","13.166666666666666","30.9"
"weapon","B","circuit","duration-censored","right-censored-lower-bound","1568","15.860671768707466","12.383333333333333","30.766666666666666"
"weapon","C","circuit","harvest","completed-harvest","55613","25.13487433992938","30.633333333333333","34.06666666666667"
"weapon","C","circuit","destroyed","competing-destruction","98726","7.884442463653701","3.4","26.133333333333333"
"weapon","C","circuit","death-censored","right-censored-lower-bound","4730","12.29603946441159","9.733333333333333","28.333333333333332"
"weapon","C","circuit","duration-censored","right-censored-lower-bound","1043","11.72671780121445","9.8","27.433333333333334"
"land","A","circuit","harvest","completed-harvest","30926","20.169249175451554","18.333333333333332","36.266666666666666"
"land","A","circuit","destroyed","competing-destruction","61171","8.213635546255698","4.366666666666666","25.233333333333334"
"land","A","circuit","death-censored","right-censored-lower-bound","1533","14.612437486410125","9.366666666666667","30.6"
"land","A","circuit","duration-censored","right-censored-lower-bound","618","13.807281553398067","6.65","26.4"
"land","B","circuit","harvest","completed-harvest","84252","27.066940052853198","32.833333333333336","33.03333333333333"
"land","B","circuit","destroyed","competing-destruction","129814","4.318173437889687","1.6","21.766666666666666"
"land","B","circuit","death-censored","right-censored-lower-bound","2153","15.502864220467567","11.7","30.9"
"land","B","circuit","duration-censored","right-censored-lower-bound","4675","15.800684491978572","12.233333333333333","30.666666666666668"
"land","C","circuit","harvest","completed-harvest","53433","23.84030842363245","29.733333333333334","34.06666666666667"
"land","C","circuit","destroyed","competing-destruction","102380","8.711038288728655","4.166666666666667","26.566666666666666"
"land","C","circuit","death-censored","right-censored-lower-bound","2825","13.231834808259588","10.9","28.9"
"land","C","circuit","duration-censored","right-censored-lower-bound","2686","11.754529659965268","9.9","28.5"
"building","A","circuit","harvest","completed-harvest","30655","19.934369597129532","18.333333333333332","36.666666666666664"
"building","A","circuit","destroyed","competing-destruction","61305","8.580257184024958","5.166666666666667","25.533333333333335"
"building","A","circuit","death-censored","right-censored-lower-bound","1383","14.917570498915406","9.033333333333333","31.466666666666665"
"building","A","circuit","duration-censored","right-censored-lower-bound","713","12.761711079943915","6.766666666666667","26.833333333333332"
"building","B","circuit","harvest","completed-harvest","85516","27.54592551880425","32.833333333333336","33.166666666666664"
"building","B","circuit","destroyed","competing-destruction","141600","4.29836746703834","1.6","21.966666666666665"
"building","B","circuit","death-censored","right-censored-lower-bound","2285","15.998030634573297","12.533333333333333","30.933333333333334"
"building","B","circuit","duration-censored","right-censored-lower-bound","4420","16.06745098039216","12.4","30.766666666666666"
"building","C","circuit","harvest","completed-harvest","58463","24.212239650146216","29.9","34.4"
"building","C","circuit","destroyed","competing-destruction","112615","8.834157675856947","4.433333333333334","26.7"
"building","C","circuit","death-censored","right-censored-lower-bound","2430","13.338518518518535","11.783333333333335","30"
"building","C","circuit","duration-censored","right-censored-lower-bound","3199","11.249046577055351","10.033333333333333","27.633333333333333"
"people","A","circuit","harvest","completed-harvest","28759","17.976640356061306","18.333333333333332","36.666666666666664"
"people","A","circuit","destroyed","competing-destruction","58309","9.692684376911572","6.9","26.066666666666666"
"people","A","circuit","death-censored","right-censored-lower-bound","699","13.142107773009053","6.766666666666667","35.36666666666667"
"people","A","circuit","duration-censored","right-censored-lower-bound","917","15.651544892766267","7","27.033333333333335"
"people","B","circuit","harvest","completed-harvest","100079","27.763685022152405","32.93333333333333","33.266666666666666"
"people","B","circuit","destroyed","competing-destruction","165312","4.113171860880427","1.6","21.666666666666668"
"people","B","circuit","death-censored","right-censored-lower-bound","654","17.039143730886828","14.95","31.366666666666667"
"people","B","circuit","duration-censored","right-censored-lower-bound","6761","15.926253512794057","12.366666666666667","30.7"
"people","C","circuit","harvest","completed-harvest","62477","24.163729052288694","29.666666666666668","34.3"
"people","C","circuit","destroyed","competing-destruction","121464","9.11649103163627","4.833333333333333","26.8"
"people","C","circuit","death-censored","right-censored-lower-bound","1202","12.301830282861914","10.833333333333334","27.4"
"people","C","circuit","duration-censored","right-censored-lower-bound","4739","11.18313286910036","8.666666666666666","26.933333333333334"
"mixed","A","circuit","harvest","completed-harvest","25382","18.020443621463137","18.333333333333332","36.666666666666664"
"mixed","A","circuit","destroyed","competing-destruction","52801","9.265068843393019","6.3","25.4"
"mixed","A","circuit","death-censored","right-censored-lower-bound","816","12.913071895424823","7.7","28.9"
"mixed","A","circuit","duration-censored","right-censored-lower-bound","647","11.188614116434831","6.033333333333333","25.066666666666666"
"mixed","B","circuit","harvest","completed-harvest","83277","26.390759353319368","32.833333333333336","33.266666666666666"
"mixed","B","circuit","destroyed","competing-destruction","138100","4.130553946411034","1.6","21.566666666666666"
"mixed","B","circuit","death-censored","right-censored-lower-bound","1909","14.25121354985159","10.6","30.833333333333332"
"mixed","B","circuit","duration-censored","right-censored-lower-bound","4453","15.692529380941618","12.133333333333333","30.733333333333334"
"mixed","C","circuit","harvest","completed-harvest","55787","23.722226803137083","29","33.96666666666667"
"mixed","C","circuit","destroyed","competing-destruction","109779","9.24477510877904","5.233333333333333","26.866666666666667"
"mixed","C","circuit","death-censored","right-censored-lower-bound","1563","11.90838131797824","9.266666666666667","27.366666666666667"
"mixed","C","circuit","duration-censored","right-censored-lower-bound","3759","11.557080783896422","9.233333333333333","27.566666666666666"
"random","A","circuit","harvest","completed-harvest","27642","20.24068205387849","18.333333333333332","35.46666666666667"
"random","A","circuit","destroyed","competing-destruction","56840","8.448391977480581","5.033333333333333","25.066666666666666"
"random","A","circuit","death-censored","right-censored-lower-bound","1292","13.62435500515994","7.733333333333333","31.033333333333335"
"random","A","circuit","duration-censored","right-censored-lower-bound","546","12.874542124542135","6.233333333333333","26.333333333333332"
"random","B","circuit","harvest","completed-harvest","78704","27.144332350744993","32.833333333333336","33.333333333333336"
"random","B","circuit","destroyed","competing-destruction","133099","4.229251409348065","1.6","21.6"
"random","B","circuit","death-censored","right-censored-lower-bound","2358","15.890005654509526","12.350000000000001","30.933333333333334"
"random","B","circuit","duration-censored","right-censored-lower-bound","3843","16.084760170005993","12.266666666666667","30.8"
"random","C","circuit","harvest","completed-harvest","54061","24.00549256087196","29.733333333333334","34.2"
"random","C","circuit","destroyed","competing-destruction","105464","9.002501327467265","4.8","26.7"
"random","C","circuit","death-censored","right-censored-lower-bound","2448","12.699809368191701","10.6","29.4"
"random","C","circuit","duration-censored","right-censored-lower-bound","2658","11.961825934286452","10.316666666666666","28.2"
