"caseId","tick","evolutionId","baseId"
"building__A__40001","1386","core:seed_crown","core:seed_bag"
"building__A__40001","11393","core:sowing_sworddance","core:iron_blade"
"building__A__40002","3572","core:seed_crown","core:seed_bag"
"building__A__40007","17903","core:venom_reaping","core:harvest_scythe"
"building__A__40008","25020","core:seed_crown","core:seed_bag"
"building__A__40008","25020","core:sowing_sworddance","core:iron_blade"
"building__A__40009","5678","core:seed_crown","core:seed_bag"
"building__A__40009","20412","core:sowing_sworddance","core:iron_blade"
"building__A__40014","3665","core:seed_crown","core:seed_bag"
"building__A__40014","3665","core:sowing_sworddance","core:iron_blade"
"building__A__40015","24043","core:seed_crown","core:seed_bag"
"building__A__40015","24043","core:sowing_sworddance","core:iron_blade"
"building__A__40016","8152","core:seed_crown","core:seed_bag"
"building__A__40016","8152","core:sowing_sworddance","core:iron_blade"
"building__A__40017","2130","core:seed_crown","core:seed_bag"
"building__A__40017","4373","core:sowing_sworddance","core:iron_blade"
"building__A__40020","8158","core:seed_crown","core:seed_bag"
"building__A__40020","8158","core:sowing_sworddance","core:iron_blade"
"building__A__40022","1937","core:seed_crown","core:seed_bag"
"building__A__40023","8153","core:rally_kitchen","core:muster_horn"
"building__A__40024","3469","core:seed_crown","core:seed_bag"
"building__A__40024","18535","core:sowing_sworddance","core:iron_blade"
"building__A__40025","12955","core:seed_crown","core:seed_bag"
"building__A__40028","8896","core:seed_crown","core:seed_bag"
"building__A__40028","24721","core:sowing_sworddance","core:iron_blade"
"building__B__40000","9392","core:seed_crown","core:seed_bag"
"building__B__40001","1386","core:seed_crown","core:seed_bag"
"building__B__40002","3572","core:seed_crown","core:seed_bag"
"building__B__40002","10708","core:sowing_sworddance","core:iron_blade"
"building__B__40003","4604","core:rally_kitchen","core:muster_horn"
"building__B__40003","7980","core:seed_crown","core:seed_bag"
"building__B__40004","486","core:seed_crown","core:seed_bag"
"building__B__40004","9073","core:rally_kitchen","core:muster_horn"
"building__B__40005","26220","core:seed_crown","core:seed_bag"
"building__B__40005","26220","core:sowing_sworddance","core:iron_blade"
"building__B__40006","17221","core:rally_kitchen","core:muster_horn"
"building__B__40006","21826","core:seed_crown","core:seed_bag"
"building__B__40006","21826","core:sowing_sworddance","core:iron_blade"
"building__B__40007","12489","core:venom_reaping","core:harvest_scythe"
"building__B__40007","13399","core:seed_crown","core:seed_bag"
"building__B__40008","4189","core:seed_crown","core:seed_bag"
"building__B__40009","5107","core:rally_kitchen","core:muster_horn"
"building__B__40009","16039","core:seed_crown","core:seed_bag"
"building__B__40009","16039","core:sowing_sworddance","core:iron_blade"
"building__B__40011","8604","core:seed_crown","core:seed_bag"
"building__B__40011","13740","core:rally_kitchen","core:muster_horn"
"building__B__40013","13914","core:seed_crown","core:seed_bag"
"building__B__40013","26786","core:sowing_sworddance","core:iron_blade"
"building__B__40014","3665","core:seed_crown","core:seed_bag"
"building__B__40014","3665","core:sowing_sworddance","core:iron_blade"
"building__B__40015","24043","core:seed_crown","core:seed_bag"
"building__B__40015","24043","core:sowing_sworddance","core:iron_blade"
"building__B__40016","8152","core:seed_crown","core:seed_bag"
"building__B__40016","8152","core:sowing_sworddance","core:iron_blade"
"building__B__40017","2130","core:seed_crown","core:seed_bag"
"building__B__40017","4373","core:sowing_sworddance","core:iron_blade"
"building__B__40018","15394","core:seed_crown","core:seed_bag"
"building__B__40018","15394","core:sowing_sworddance","core:iron_blade"
"building__B__40020","8158","core:seed_crown","core:seed_bag"
"building__B__40020","8158","core:sowing_sworddance","core:iron_blade"
"building__B__40020","13590","core:rally_kitchen","core:muster_horn"
"building__B__40021","23221","core:rally_kitchen","core:muster_horn"
"building__B__40022","1937","core:seed_crown","core:seed_bag"
"building__B__40023","12079","core:seed_crown","core:seed_bag"
"building__B__40023","14851","core:sowing_sworddance","core:iron_blade"
"building__B__40024","2591","core:seed_crown","core:seed_bag"
"building__B__40024","5901","core:venom_reaping","core:harvest_scythe"
"building__B__40024","9363","core:sowing_sworddance","core:iron_blade"
"building__B__40025","12085","core:seed_crown","core:seed_bag"
"building__B__40026","26029","core:seed_crown","core:seed_bag"
"building__B__40027","7068","core:seed_crown","core:seed_bag"
"building__B__40027","12827","core:rally_kitchen","core:muster_horn"
"building__B__40027","15330","core:sowing_sworddance","core:iron_blade"
"building__B__40028","20689","core:seed_crown","core:seed_bag"
"building__B__40028","20689","core:sowing_sworddance","core:iron_blade"
"building__B__40029","8867","core:seed_crown","core:seed_bag"
"building__B__40031","6827","core:seed_crown","core:seed_bag"
"building__B__40031","9865","core:rally_kitchen","core:muster_horn"
"building__C__40000","7362","core:seed_crown","core:seed_bag"
"building__C__40000","18820","core:sowing_sworddance","core:iron_blade"
"building__C__40001","1386","core:seed_crown","core:seed_bag"
"building__C__40001","19969","core:sowing_sworddance","core:iron_blade"
"building__C__40002","3572","core:seed_crown","core:seed_bag"
"building__C__40003","2309","core:seed_crown","core:seed_bag"
"building__C__40003","26478","core:sowing_sworddance","core:iron_blade"
"building__C__40004","25943","core:seed_crown","core:seed_bag"
"building__C__40006","15410","core:seed_crown","core:seed_bag"
"building__C__40006","15410","core:sheltered_sowing","core:seed_bag"
"building__C__40008","7389","core:rally_kitchen","core:muster_horn"
"building__C__40009","2010","core:seed_crown","core:seed_bag"
"building__C__40011","7386","core:seed_crown","core:seed_bag"
"building__C__40012","13714","core:rally_kitchen","core:muster_horn"
"building__C__40013","1745","core:seed_crown","core:seed_bag"
"building__C__40014","3665","core:seed_crown","core:seed_bag"
"building__C__40014","3665","core:sowing_sworddance","core:iron_blade"
"building__C__40015","24043","core:seed_crown","core:seed_bag"
"building__C__40015","24043","core:sowing_sworddance","core:iron_blade"
"building__C__40016","8152","core:seed_crown","core:seed_bag"
"building__C__40016","8152","core:sowing_sworddance","core:iron_blade"
"building__C__40017","2130","core:seed_crown","core:seed_bag"
"building__C__40017","4373","core:sowing_sworddance","core:iron_blade"
"building__C__40017","25275","core:rally_kitchen","core:muster_horn"
"building__C__40018","22772","core:seed_crown","core:seed_bag"
"building__C__40019","17542","core:seed_crown","core:seed_bag"
"building__C__40020","8158","core:seed_crown","core:seed_bag"
"building__C__40020","8158","core:sowing_sworddance","core:iron_blade"
"building__C__40020","24289","core:sheltered_sowing","core:seed_bag"
"building__C__40022","1937","core:seed_crown","core:seed_bag"
"building__C__40024","9538","core:seed_crown","core:seed_bag"
"building__C__40024","10663","core:rally_kitchen","core:muster_horn"
"building__C__40024","26757","core:sowing_sworddance","core:iron_blade"
"building__C__40025","7315","core:seed_crown","core:seed_bag"
"building__C__40025","23936","core:sowing_sworddance","core:iron_blade"
"building__C__40027","9809","core:seed_crown","core:seed_bag"
"building__C__40029","15865","core:seed_crown","core:seed_bag"
"building__C__40029","23243","core:sowing_sworddance","core:iron_blade"
"land__A__40002","8284","core:venom_reaping","core:harvest_scythe"
"land__A__40002","9027","core:seed_crown","core:seed_bag"
"land__A__40004","7831","core:seed_crown","core:seed_bag"
"land__A__40004","13851","core:sowing_sworddance","core:iron_blade"
"land__A__40006","6689","core:seed_crown","core:seed_bag"
"land__A__40007","9769","core:seed_crown","core:seed_bag"
"land__A__40007","21888","core:sowing_sworddance","core:iron_blade"
"land__A__40008","11851","core:seed_crown","core:seed_bag"
"land__A__40008","11851","core:sowing_sworddance","core:iron_blade"
"land__A__40009","5678","core:seed_crown","core:seed_bag"
"land__A__40010","2159","core:seed_crown","core:seed_bag"
"land__A__40011","23795","core:seed_crown","core:seed_bag"
"land__A__40012","2491","core:seed_crown","core:seed_bag"
"land__A__40012","19090","core:rain_channel_shot","core:canal_bow"
"land__A__40015","6361","core:seed_crown","core:seed_bag"
"land__A__40016","1379","core:seed_crown","core:seed_bag"
"land__A__40016","19502","core:venom_reaping","core:harvest_scythe"
"land__A__40017","2130","core:seed_crown","core:seed_bag"
"land__A__40017","11090","core:rain_channel_shot","core:canal_bow"
"land__A__40017","23457","core:sowing_sworddance","core:iron_blade"
"land__A__40019","17626","core:seed_crown","core:seed_bag"
"land__A__40019","17626","core:sowing_sworddance","core:iron_blade"
"land__A__40020","492","core:seed_crown","core:seed_bag"
"land__A__40022","1937","core:seed_crown","core:seed_bag"
"land__A__40022","15455","core:sowing_sworddance","core:iron_blade"
"land__A__40025","570","core:seed_crown","core:seed_bag"
"land__A__40026","3403","core:seed_crown","core:seed_bag"
"land__A__40026","22491","core:sowing_sworddance","core:iron_blade"
"land__A__40026","26069","core:rain_channel_shot","core:canal_bow"
"land__A__40027","2291","core:seed_crown","core:seed_bag"
"land__A__40028","4538","core:seed_crown","core:seed_bag"
"land__A__40028","14034","core:sowing_sworddance","core:iron_blade"
"land__A__40028","19705","core:rain_channel_shot","core:canal_bow"
"land__A__40030","6361","core:seed_crown","core:seed_bag"
"land__B__40000","3759","core:seed_crown","core:seed_bag"
"land__B__40001","1630","core:seed_crown","core:seed_bag"
"land__B__40001","12091","core:sowing_sworddance","core:iron_blade"
"land__B__40002","4289","core:seed_crown","core:seed_bag"
"land__B__40003","2979","core:seed_crown","core:seed_bag"
"land__B__40004","486","core:seed_crown","core:seed_bag"
"land__B__40004","7007","core:rally_kitchen","core:muster_horn"
"land__B__40005","24572","core:seed_crown","core:seed_bag"
"land__B__40005","24572","core:sowing_sworddance","core:iron_blade"
"land__B__40006","4086","core:seed_crown","core:seed_bag"
"land__B__40007","10705","core:seed_crown","core:seed_bag"
"land__B__40007","18202","core:sowing_sworddance","core:iron_blade"
"land__B__40008","11851","core:seed_crown","core:seed_bag"
"land__B__40008","11851","core:sowing_sworddance","core:iron_blade"
"land__B__40009","10965","core:seed_crown","core:seed_bag"
"land__B__40009","12853","core:rally_kitchen","core:muster_horn"
"land__B__40010","2159","core:seed_crown","core:seed_bag"
"land__B__40011","8259","core:seed_crown","core:seed_bag"
"land__B__40011","11183","core:sowing_sworddance","core:iron_blade"
"land__B__40012","5311","core:seed_crown","core:seed_bag"
"land__B__40013","13918","core:seed_crown","core:seed_bag"
"land__B__40014","5807","core:seed_crown","core:seed_bag"
"land__B__40015","6361","core:seed_crown","core:seed_bag"
"land__B__40015","14796","core:sowing_sworddance","core:iron_blade"
"land__B__40016","1379","core:seed_crown","core:seed_bag"
"land__B__40017","2130","core:seed_crown","core:seed_bag"
"land__B__40017","11090","core:rain_channel_shot","core:canal_bow"
"land__B__40018","12681","core:seed_crown","core:seed_bag"
"land__B__40019","7409","core:seed_crown","core:seed_bag"
"land__B__40019","14850","core:rally_kitchen","core:muster_horn"
"land__B__40019","16823","core:sowing_sworddance","core:iron_blade"
"land__B__40020","492","core:seed_crown","core:seed_bag"
"land__B__40021","3893","core:seed_crown","core:seed_bag"
"land__B__40022","1937","core:seed_crown","core:seed_bag"
"land__B__40022","21262","core:sowing_sworddance","core:iron_blade"
"land__B__40023","7382","core:seed_crown","core:seed_bag"
"land__B__40024","2626","core:seed_crown","core:seed_bag"
"land__B__40025","570","core:seed_crown","core:seed_bag"
"land__B__40026","4638","core:seed_crown","core:seed_bag"
"land__B__40027","2291","core:seed_crown","core:seed_bag"
"land__B__40028","4411","core:seed_crown","core:seed_bag"
"land__B__40028","20980","core:sowing_sworddance","core:iron_blade"
"land__B__40029","3776","core:seed_crown","core:seed_bag"
"land__B__40030","23439","core:seed_crown","core:seed_bag"
"land__B__40031","5327","core:rally_kitchen","core:muster_horn"
"land__C__40000","9031","core:seed_crown","core:seed_bag"
"land__C__40002","13834","core:seed_crown","core:seed_bag"
"land__C__40002","13834","core:sowing_sworddance","core:iron_blade"
"land__C__40003","2309","core:seed_crown","core:seed_bag"
"land__C__40003","15440","core:sowing_sworddance","core:iron_blade"
"land__C__40003","16242","core:mill_return_disc","core:mill_disc"
"land__C__40004","8796","core:seed_crown","core:seed_bag"
"land__C__40004","21939","core:sowing_sworddance","core:iron_blade"
"land__C__40005","20127","core:venom_reaping","core:harvest_scythe"
"land__C__40006","4572","core:seed_crown","core:seed_bag"
"land__C__40006","6741","core:rally_kitchen","core:muster_horn"
"land__C__40006","9281","core:sowing_sworddance","core:iron_blade"
"land__C__40007","6241","core:seed_crown","core:seed_bag"
"land__C__40007","10200","core:sowing_sworddance","core:iron_blade"
"land__C__40008","11851","core:seed_crown","core:seed_bag"
"land__C__40008","11851","core:sowing_sworddance","core:iron_blade"
"land__C__40009","2010","core:seed_crown","core:seed_bag"
"land__C__40010","2159","core:seed_crown","core:seed_bag"
"land__C__40011","1439","core:seed_crown","core:seed_bag"
"land__C__40012","10921","core:rally_kitchen","core:muster_horn"
"land__C__40013","1745","core:seed_crown","core:seed_bag"
"land__C__40015","6361","core:seed_crown","core:seed_bag"
"land__C__40015","16974","core:rain_channel_shot","core:canal_bow"
"land__C__40015","19938","core:sowing_sworddance","core:iron_blade"
"land__C__40016","1379","core:seed_crown","core:seed_bag"
"land__C__40016","17438","core:sowing_sworddance","core:iron_blade"
"land__C__40017","2130","core:seed_crown","core:seed_bag"
"land__C__40017","11090","core:rain_channel_shot","core:canal_bow"
"land__C__40019","12509","core:seed_crown","core:seed_bag"
"land__C__40019","26472","core:venom_reaping","core:harvest_scythe"
"land__C__40020","492","core:seed_crown","core:seed_bag"
"land__C__40020","15908","core:rally_kitchen","core:muster_horn"
"land__C__40021","8346","core:seed_crown","core:seed_bag"
"land__C__40021","15217","core:rain_channel_shot","core:canal_bow"
"land__C__40022","1937","core:seed_crown","core:seed_bag"
"land__C__40023","13385","core:seed_crown","core:seed_bag"
"land__C__40023","26014","core:sowing_sworddance","core:iron_blade"
"land__C__40024","6664","core:seed_crown","core:seed_bag"
"land__C__40024","14349","core:sowing_sworddance","core:iron_blade"
"land__C__40025","570","core:seed_crown","core:seed_bag"
"land__C__40025","13115","core:rally_kitchen","core:muster_horn"
"land__C__40026","10689","core:seed_crown","core:seed_bag"
"land__C__40027","2291","core:seed_crown","core:seed_bag"
"land__C__40027","23579","core:sowing_sworddance","core:iron_blade"
"land__C__40028","2243","core:seed_crown","core:seed_bag"
"land__C__40029","2423","core:seed_crown","core:seed_bag"
"land__C__40030","9257","core:seed_crown","core:seed_bag"
"land__C__40031","3140","core:seed_crown","core:seed_bag"
"land__C__40031","8648","core:sowing_sworddance","core:iron_blade"
"mixed__A__40000","5959","core:seed_crown","core:seed_bag"
"mixed__A__40001","1143","core:seed_crown","core:seed_bag"
"mixed__A__40001","14280","core:mill_return_disc","core:mill_disc"
"mixed__A__40002","13961","core:seed_crown","core:seed_bag"
"mixed__A__40002","25630","core:sowing_sworddance","core:iron_blade"
"mixed__A__40004","17436","core:rain_channel_shot","core:canal_bow"
"mixed__A__40005","13079","core:seed_crown","core:seed_bag"
"mixed__A__40008","5150","core:seed_crown","core:seed_bag"
"mixed__A__40009","3529","core:seed_crown","core:seed_bag"
"mixed__A__40010","8011","core:seed_crown","core:seed_bag"
"mixed__A__40013","17591","core:seed_crown","core:seed_bag"
"mixed__A__40014","5999","core:seed_crown","core:seed_bag"
"mixed__A__40017","6600","core:seed_crown","core:seed_bag"
"mixed__A__40019","19686","core:rally_kitchen","core:muster_horn"
"mixed__A__40020","1260","core:seed_crown","core:seed_bag"
"mixed__A__40021","12611","core:seed_crown","core:seed_bag"
"mixed__A__40022","19376","core:rain_channel_shot","core:canal_bow"
"mixed__A__40023","20754","core:seed_crown","core:seed_bag"
"mixed__A__40025","13022","core:rally_kitchen","core:muster_horn"
"mixed__A__40026","17367","core:seed_crown","core:seed_bag"
"mixed__A__40027","2978","core:seed_crown","core:seed_bag"
"mixed__A__40028","6974","core:seed_crown","core:seed_bag"
"mixed__A__40029","12924","core:seed_crown","core:seed_bag"
"mixed__A__40031","9849","core:seed_crown","core:seed_bag"
"mixed__A__40031","9849","core:sheltered_sowing","core:seed_bag"
"mixed__B__40000","4529","core:seed_crown","core:seed_bag"
"mixed__B__40001","7683","core:seed_crown","core:seed_bag"
"mixed__B__40002","16189","core:seed_crown","core:seed_bag"
"mixed__B__40003","13842","core:seed_crown","core:seed_bag"
"mixed__B__40004","486","core:seed_crown","core:seed_bag"
"mixed__B__40004","15679","core:rally_kitchen","core:muster_horn"
"mixed__B__40005","8444","core:rally_kitchen","core:muster_horn"
"mixed__B__40005","16080","core:seed_crown","core:seed_bag"
"mixed__B__40006","5730","core:seed_crown","core:seed_bag"
"mixed__B__40006","9684","core:rally_kitchen","core:muster_horn"
"mixed__B__40007","5327","core:seed_crown","core:seed_bag"
"mixed__B__40007","5795","core:rally_kitchen","core:muster_horn"
"mixed__B__40008","5719","core:seed_crown","core:seed_bag"
"mixed__B__40009","4805","core:seed_crown","core:seed_bag"
"mixed__B__40009","6391","core:rally_kitchen","core:muster_horn"
"mixed__B__40010","2459","core:seed_crown","core:seed_bag"
"mixed__B__40011","4864","core:rally_kitchen","core:muster_horn"
"mixed__B__40011","5409","core:seed_crown","core:seed_bag"
"mixed__B__40011","17224","core:sowing_sworddance","core:iron_blade"
"mixed__B__40012","2075","core:seed_crown","core:seed_bag"
"mixed__B__40012","5488","core:rally_kitchen","core:muster_horn"
"mixed__B__40013","10513","core:seed_crown","core:seed_bag"
"mixed__B__40014","5949","core:seed_crown","core:seed_bag"
"mixed__B__40015","2873","core:seed_crown","core:seed_bag"
"mixed__B__40015","4017","core:sowing_sworddance","core:iron_blade"
"mixed__B__40016","5565","core:seed_crown","core:seed_bag"
"mixed__B__40016","20641","core:rally_kitchen","core:muster_horn"
"mixed__B__40017","25809","core:seed_crown","core:seed_bag"
"mixed__B__40017","25809","core:sowing_sworddance","core:iron_blade"
"mixed__B__40018","4857","core:seed_crown","core:seed_bag"
"mixed__B__40019","11354","core:seed_crown","core:seed_bag"
"mixed__B__40019","19239","core:rally_kitchen","core:muster_horn"
"mixed__B__40020","3341","core:seed_crown","core:seed_bag"
"mixed__B__40020","10531","core:rally_kitchen","core:muster_horn"
"mixed__B__40021","12611","core:seed_crown","core:seed_bag"
"mixed__B__40022","3979","core:seed_crown","core:seed_bag"
"mixed__B__40023","1522","core:seed_crown","core:seed_bag"
"mixed__B__40023","26872","core:rally_kitchen","core:muster_horn"
"mixed__B__40024","7959","core:seed_crown","core:seed_bag"
"mixed__B__40024","11048","core:rally_kitchen","core:muster_horn"
"mixed__B__40025","1890","core:seed_crown","core:seed_bag"
"mixed__B__40025","5441","core:rally_kitchen","core:muster_horn"
"mixed__B__40026","7154","core:seed_crown","core:seed_bag"
"mixed__B__40027","7681","core:seed_crown","core:seed_bag"
"mixed__B__40028","22032","core:seed_crown","core:seed_bag"
"mixed__B__40029","4158","core:seed_crown","core:seed_bag"
"mixed__B__40030","4870","core:seed_crown","core:seed_bag"
"mixed__B__40030","21579","core:rally_kitchen","core:muster_horn"
"mixed__B__40031","5259","core:seed_crown","core:seed_bag"
"mixed__C__40001","13014","core:seed_crown","core:seed_bag"
"mixed__C__40001","23022","core:rally_kitchen","core:muster_horn"
"mixed__C__40002","9993","core:seed_crown","core:seed_bag"
"mixed__C__40002","14595","core:rally_kitchen","core:muster_horn"
"mixed__C__40003","14740","core:seed_crown","core:seed_bag"
"mixed__C__40004","12726","core:rally_kitchen","core:muster_horn"
"mixed__C__40005","9750","core:seed_crown","core:seed_bag"
"mixed__C__40006","11540","core:seed_crown","core:seed_bag"
"mixed__C__40006","11540","core:sheltered_sowing","core:seed_bag"
"mixed__C__40008","9329","core:rally_kitchen","core:muster_horn"
"mixed__C__40009","16521","core:seed_crown","core:seed_bag"
"mixed__C__40010","10261","core:seed_crown","core:seed_bag"
"mixed__C__40010","10261","core:sowing_sworddance","core:iron_blade"
"mixed__C__40011","10939","core:seed_crown","core:seed_bag"
"mixed__C__40012","7003","core:seed_crown","core:seed_bag"
"mixed__C__40012","16615","core:rain_channel_shot","core:canal_bow"
"mixed__C__40013","1745","core:seed_crown","core:seed_bag"
"mixed__C__40013","14181","core:rally_kitchen","core:muster_horn"
"mixed__C__40014","15965","core:seed_crown","core:seed_bag"
"mixed__C__40015","1980","core:seed_crown","core:seed_bag"
"mixed__C__40016","10235","core:seed_crown","core:seed_bag"
"mixed__C__40016","22119","core:venom_reaping","core:harvest_scythe"
"mixed__C__40017","15301","core:warded_masonry","core:ward_orbit"
"mixed__C__40017","18701","core:rain_channel_shot","core:canal_bow"
"mixed__C__40017","20648","core:seed_crown","core:seed_bag"
"mixed__C__40017","20648","core:sheltered_sowing","core:seed_bag"
"mixed__C__40018","19155","core:seed_crown","core:seed_bag"
"mixed__C__40018","23317","core:rally_kitchen","core:muster_horn"
"mixed__C__40019","9336","core:seed_crown","core:seed_bag"
"mixed__C__40019","26744","core:rally_kitchen","core:muster_horn"
"mixed__C__40021","12611","core:seed_crown","core:seed_bag"
"mixed__C__40022","4919","core:seed_crown","core:seed_bag"
"mixed__C__40023","4495","core:seed_crown","core:seed_bag"
"mixed__C__40023","11394","core:rally_kitchen","core:muster_horn"
"mixed__C__40024","5104","core:rally_kitchen","core:muster_horn"
"mixed__C__40024","21215","core:rain_channel_shot","core:canal_bow"
"mixed__C__40025","6999","core:seed_crown","core:seed_bag"
"mixed__C__40025","26928","core:rally_kitchen","core:muster_horn"
"mixed__C__40027","11683","core:seed_crown","core:seed_bag"
"mixed__C__40028","7078","core:seed_crown","core:seed_bag"
"mixed__C__40028","25648","core:sowing_sworddance","core:iron_blade"
"mixed__C__40029","10448","core:seed_crown","core:seed_bag"
"mixed__C__40029","23722","core:sowing_sworddance","core:iron_blade"
"mixed__C__40030","12651","core:seed_crown","core:seed_bag"
"mixed__C__40030","25658","core:rain_channel_shot","core:canal_bow"
"people__A__40000","6583","core:seed_crown","core:seed_bag"
"people__A__40004","14227","core:rally_kitchen","core:muster_horn"
"people__A__40006","14266","core:seed_crown","core:seed_bag"
"people__A__40007","7270","core:rally_kitchen","core:muster_horn"
"people__A__40007","12578","core:seed_crown","core:seed_bag"
"people__A__40008","15783","core:seed_crown","core:seed_bag"
"people__A__40009","10400","core:seed_crown","core:seed_bag"
"people__A__40011","4299","core:seed_crown","core:seed_bag"
"people__A__40014","1409","core:seed_crown","core:seed_bag"
"people__A__40015","3181","core:seed_crown","core:seed_bag"
"people__A__40015","13651","core:rally_kitchen","core:muster_horn"
"people__A__40015","26225","core:sowing_sworddance","core:iron_blade"
"people__A__40017","3409","core:seed_crown","core:seed_bag"
"people__A__40018","8621","core:seed_crown","core:seed_bag"
"people__A__40023","8153","core:rally_kitchen","core:muster_horn"
"people__A__40024","3469","core:seed_crown","core:seed_bag"
"people__A__40024","18535","core:sowing_sworddance","core:iron_blade"
"people__A__40026","1545","core:seed_crown","core:seed_bag"
"people__A__40026","5259","core:sowing_sworddance","core:iron_blade"
"people__A__40026","16685","core:rally_kitchen","core:muster_horn"
"people__A__40027","2291","core:seed_crown","core:seed_bag"
"people__A__40027","23136","core:sowing_sworddance","core:iron_blade"
"people__B__40000","2275","core:seed_crown","core:seed_bag"
"people__B__40000","2604","core:sowing_sworddance","core:iron_blade"
"people__B__40000","10396","core:rally_kitchen","core:muster_horn"
"people__B__40001","17076","core:rally_kitchen","core:muster_horn"
"people__B__40002","5970","core:seed_crown","core:seed_bag"
"people__B__40002","9124","core:rally_kitchen","core:muster_horn"
"people__B__40003","12939","core:seed_crown","core:seed_bag"
"people__B__40003","16918","core:mill_return_disc","core:mill_disc"
"people__B__40004","486","core:seed_crown","core:seed_bag"
"people__B__40004","5356","core:rally_kitchen","core:muster_horn"
"people__B__40008","1757","core:seed_crown","core:seed_bag"
"people__B__40008","6120","core:rally_kitchen","core:muster_horn"
"people__B__40008","16067","core:sowing_sworddance","core:iron_blade"
"people__B__40010","5649","core:seed_crown","core:seed_bag"
"people__B__40010","17230","core:venom_reaping","core:harvest_scythe"
"people__B__40011","21013","core:seed_crown","core:seed_bag"
"people__B__40012","8338","core:seed_crown","core:seed_bag"
"people__B__40012","11717","core:rally_kitchen","core:muster_horn"
"people__B__40014","1409","core:seed_crown","core:seed_bag"
"people__B__40015","7669","core:rally_kitchen","core:muster_horn"
"people__B__40017","3409","core:seed_crown","core:seed_bag"
"people__B__40017","7747","core:rally_kitchen","core:muster_horn"
"people__B__40018","20542","core:seed_crown","core:seed_bag"
"people__B__40019","6516","core:rally_kitchen","core:muster_horn"
"people__B__40019","10046","core:seed_crown","core:seed_bag"
"people__B__40020","15945","core:rally_kitchen","core:muster_horn"
"people__B__40020","16759","core:seed_crown","core:seed_bag"
"people__B__40020","16759","core:sowing_sworddance","core:iron_blade"
"people__B__40021","11812","core:seed_crown","core:seed_bag"
"people__B__40021","14983","core:rally_kitchen","core:muster_horn"
"people__B__40021","23496","core:rain_channel_shot","core:canal_bow"
"people__B__40022","9286","core:rally_kitchen","core:muster_horn"
"people__B__40024","16411","core:rally_kitchen","core:muster_horn"
"people__B__40024","18552","core:seed_crown","core:seed_bag"
"people__B__40024","18552","core:sowing_sworddance","core:iron_blade"
"people__B__40026","2090","core:seed_crown","core:seed_bag"
"people__B__40026","4770","core:rally_kitchen","core:muster_horn"
"people__B__40027","2291","core:seed_crown","core:seed_bag"
"people__B__40029","17656","core:seed_crown","core:seed_bag"
"people__B__40029","17656","core:sowing_sworddance","core:iron_blade"
"people__B__40030","20943","core:rally_kitchen","core:muster_horn"
"people__C__40000","16371","core:rally_kitchen","core:muster_horn"
"people__C__40001","3691","core:rally_kitchen","core:muster_horn"
"people__C__40002","13890","core:seed_crown","core:seed_bag"
"people__C__40003","2309","core:seed_crown","core:seed_bag"
"people__C__40003","9604","core:sowing_sworddance","core:iron_blade"
"people__C__40003","15661","core:mill_return_disc","core:mill_disc"
"people__C__40004","5998","core:seed_crown","core:seed_bag"
"people__C__40004","12806","core:rally_kitchen","core:muster_horn"
"people__C__40006","13960","core:seed_crown","core:seed_bag"
"people__C__40006","16073","core:sowing_sworddance","core:iron_blade"
"people__C__40007","22287","core:rally_kitchen","core:muster_horn"
"people__C__40007","23336","core:seed_crown","core:seed_bag"
"people__C__40008","10036","core:rally_kitchen","core:muster_horn"
"people__C__40009","2010","core:seed_crown","core:seed_bag"
"people__C__40009","13180","core:sowing_sworddance","core:iron_blade"
"people__C__40010","7616","core:seed_crown","core:seed_bag"
"people__C__40012","22837","core:seed_crown","core:seed_bag"
"people__C__40013","1745","core:seed_crown","core:seed_bag"
"people__C__40013","14062","core:rally_kitchen","core:muster_horn"
"people__C__40014","1409","core:seed_crown","core:seed_bag"
"people__C__40014","21893","core:rain_channel_shot","core:canal_bow"
"people__C__40015","2041","core:seed_crown","core:seed_bag"
"people__C__40015","20308","core:sowing_sworddance","core:iron_blade"
"people__C__40017","3409","core:seed_crown","core:seed_bag"
"people__C__40017","13478","core:rally_kitchen","core:muster_horn"
"people__C__40018","11799","core:rally_kitchen","core:muster_horn"
"people__C__40019","15720","core:seed_crown","core:seed_bag"
"people__C__40020","7710","core:seed_crown","core:seed_bag"
"people__C__40023","12611","core:seed_crown","core:seed_bag"
"people__C__40023","15935","core:rally_kitchen","core:muster_horn"
"people__C__40026","25798","core:seed_crown","core:seed_bag"
"people__C__40027","2291","core:seed_crown","core:seed_bag"
"people__C__40028","18015","core:seed_crown","core:seed_bag"
"people__C__40028","18015","core:sowing_sworddance","core:iron_blade"
"people__C__40029","13894","core:seed_crown","core:seed_bag"
"people__C__40030","11029","core:seed_crown","core:seed_bag"
"people__C__40031","3217","core:seed_crown","core:seed_bag"
"people__C__40031","16440","core:sowing_sworddance","core:iron_blade"
"random__A__40001","5269","core:seed_crown","core:seed_bag"
"random__A__40001","15785","core:sowing_sworddance","core:iron_blade"
"random__A__40001","23423","core:venom_reaping","core:harvest_scythe"
"random__A__40002","3572","core:seed_crown","core:seed_bag"
"random__A__40006","6689","core:seed_crown","core:seed_bag"
"random__A__40007","17903","core:venom_reaping","core:harvest_scythe"
"random__A__40008","25020","core:seed_crown","core:seed_bag"
"random__A__40008","25020","core:sowing_sworddance","core:iron_blade"
"random__A__40009","5678","core:seed_crown","core:seed_bag"
"random__A__40009","20412","core:sowing_sworddance","core:iron_blade"
"random__A__40012","6016","core:seed_crown","core:seed_bag"
"random__A__40014","1409","core:seed_crown","core:seed_bag"
"random__A__40017","2130","core:seed_crown","core:seed_bag"
"random__A__40017","4373","core:sowing_sworddance","core:iron_blade"
"random__A__40018","11133","core:seed_crown","core:seed_bag"
"random__A__40018","12066","core:rally_kitchen","core:muster_horn"
"random__A__40020","10343","core:seed_crown","core:seed_bag"
"random__A__40022","1937","core:seed_crown","core:seed_bag"
"random__A__40023","8153","core:rally_kitchen","core:muster_horn"
"random__A__40024","3469","core:seed_crown","core:seed_bag"
"random__A__40024","18535","core:sowing_sworddance","core:iron_blade"
"random__A__40025","6004","core:seed_crown","core:seed_bag"
"random__A__40025","19431","core:sowing_sworddance","core:iron_blade"
"random__A__40026","6991","core:seed_crown","core:seed_bag"
"random__B__40000","4729","core:seed_crown","core:seed_bag"
"random__B__40001","1630","core:seed_crown","core:seed_bag"
"random__B__40001","19635","core:sowing_sworddance","core:iron_blade"
"random__B__40002","3572","core:seed_crown","core:seed_bag"
"random__B__40002","10708","core:sowing_sworddance","core:iron_blade"
"random__B__40003","4604","core:rally_kitchen","core:muster_horn"
"random__B__40003","7980","core:seed_crown","core:seed_bag"
"random__B__40004","486","core:seed_crown","core:seed_bag"
"random__B__40004","9073","core:rally_kitchen","core:muster_horn"
"random__B__40006","17221","core:rally_kitchen","core:muster_horn"
"random__B__40006","21826","core:seed_crown","core:seed_bag"
"random__B__40006","21826","core:sowing_sworddance","core:iron_blade"
"random__B__40007","12489","core:venom_reaping","core:harvest_scythe"
"random__B__40007","13399","core:seed_crown","core:seed_bag"
"random__B__40008","4189","core:seed_crown","core:seed_bag"
"random__B__40011","14040","core:seed_crown","core:seed_bag"
"random__B__40011","16557","core:rally_kitchen","core:muster_horn"
"random__B__40012","6016","core:seed_crown","core:seed_bag"
"random__B__40012","14882","core:rally_kitchen","core:muster_horn"
"random__B__40012","19416","core:sowing_sworddance","core:iron_blade"
"random__B__40013","13914","core:seed_crown","core:seed_bag"
"random__B__40013","26786","core:sowing_sworddance","core:iron_blade"
"random__B__40014","1409","core:seed_crown","core:seed_bag"
"random__B__40015","25651","core:seed_crown","core:seed_bag"
"random__B__40015","25651","core:sheltered_sowing","core:seed_bag"
"random__B__40015","25651","core:sowing_sworddance","core:iron_blade"
"random__B__40016","10979","core:seed_crown","core:seed_bag"
"random__B__40016","10979","core:sowing_sworddance","core:iron_blade"
"random__B__40016","15434","core:venom_reaping","core:harvest_scythe"
"random__B__40017","2130","core:seed_crown","core:seed_bag"
"random__B__40017","4373","core:sowing_sworddance","core:iron_blade"
"random__B__40018","15394","core:seed_crown","core:seed_bag"
"random__B__40018","15394","core:sowing_sworddance","core:iron_blade"
"random__B__40020","8153","core:seed_crown","core:seed_bag"
"random__B__40020","14731","core:rally_kitchen","core:muster_horn"
"random__B__40020","16069","core:venom_reaping","core:harvest_scythe"
"random__B__40021","23221","core:rally_kitchen","core:muster_horn"
"random__B__40022","1937","core:seed_crown","core:seed_bag"
"random__B__40023","12079","core:seed_crown","core:seed_bag"
"random__B__40023","14851","core:sowing_sworddance","core:iron_blade"
"random__B__40024","2591","core:seed_crown","core:seed_bag"
"random__B__40024","5901","core:venom_reaping","core:harvest_scythe"
"random__B__40024","9363","core:sowing_sworddance","core:iron_blade"
"random__B__40025","6004","core:seed_crown","core:seed_bag"
"random__B__40026","6991","core:seed_crown","core:seed_bag"
"random__B__40026","21219","core:rally_kitchen","core:muster_horn"
"random__B__40027","7068","core:seed_crown","core:seed_bag"
"random__B__40027","12827","core:rally_kitchen","core:muster_horn"
"random__B__40027","15330","core:sowing_sworddance","core:iron_blade"
"random__B__40029","8867","core:seed_crown","core:seed_bag"
"random__B__40030","13740","core:seed_crown","core:seed_bag"
"random__B__40031","6827","core:seed_crown","core:seed_bag"
"random__B__40031","9865","core:rally_kitchen","core:muster_horn"
"random__C__40000","7362","core:seed_crown","core:seed_bag"
"random__C__40000","18820","core:sowing_sworddance","core:iron_blade"
"random__C__40001","21395","core:seed_crown","core:seed_bag"
"random__C__40001","21395","core:sowing_sworddance","core:iron_blade"
"random__C__40001","24592","core:venom_reaping","core:harvest_scythe"
"random__C__40002","3572","core:seed_crown","core:seed_bag"
"random__C__40003","2309","core:seed_crown","core:seed_bag"
"random__C__40003","26478","core:sowing_sworddance","core:iron_blade"
"random__C__40004","25943","core:seed_crown","core:seed_bag"
"random__C__40007","21356","core:venom_reaping","core:harvest_scythe"
"random__C__40008","7389","core:rally_kitchen","core:muster_horn"
"random__C__40009","2010","core:seed_crown","core:seed_bag"
"random__C__40012","6016","core:seed_crown","core:seed_bag"
"random__C__40013","1745","core:seed_crown","core:seed_bag"
"random__C__40014","1409","core:seed_crown","core:seed_bag"
"random__C__40015","13658","core:seed_crown","core:seed_bag"
"random__C__40015","13658","core:sheltered_sowing","core:seed_bag"
"random__C__40017","2130","core:seed_crown","core:seed_bag"
"random__C__40017","4373","core:sowing_sworddance","core:iron_blade"
"random__C__40017","25275","core:rally_kitchen","core:muster_horn"
"random__C__40018","22772","core:seed_crown","core:seed_bag"
"random__C__40019","9448","core:seed_crown","core:seed_bag"
"random__C__40019","15210","core:sowing_sworddance","core:iron_blade"
"random__C__40020","6836","core:seed_crown","core:seed_bag"
"random__C__40020","10253","core:rally_kitchen","core:muster_horn"
"random__C__40021","13859","core:rally_kitchen","core:muster_horn"
"random__C__40022","1937","core:seed_crown","core:seed_bag"
"random__C__40023","5678","core:rally_kitchen","core:muster_horn"
"random__C__40024","9538","core:seed_crown","core:seed_bag"
"random__C__40024","10663","core:rally_kitchen","core:muster_horn"
"random__C__40024","26757","core:sowing_sworddance","core:iron_blade"
"random__C__40025","6004","core:seed_crown","core:seed_bag"
"random__C__40025","11081","core:sowing_sworddance","core:iron_blade"
"random__C__40026","6991","core:seed_crown","core:seed_bag"
"random__C__40026","19222","core:rain_channel_shot","core:canal_bow"
"random__C__40027","9809","core:seed_crown","core:seed_bag"
"random__C__40028","26550","core:seed_crown","core:seed_bag"
"random__C__40028","26550","core:sowing_sworddance","core:iron_blade"
"random__C__40029","15865","core:seed_crown","core:seed_bag"
"random__C__40029","23243","core:sowing_sworddance","core:iron_blade"
"random__C__40030","2836","core:seed_crown","core:seed_bag"
"random__C__40030","11610","core:sowing_sworddance","core:iron_blade"
"weapon__A__40007","12786","core:seed_crown","core:seed_bag"
"weapon__A__40007","18414","core:sowing_sworddance","core:iron_blade"
"weapon__A__40010","4891","core:seed_crown","core:seed_bag"
"weapon__A__40010","4891","core:sowing_sworddance","core:iron_blade"
"weapon__A__40014","15494","core:seed_crown","core:seed_bag"
"weapon__A__40016","7036","core:seed_crown","core:seed_bag"
"weapon__A__40017","2785","core:seed_crown","core:seed_bag"
"weapon__A__40017","4299","core:sowing_sworddance","core:iron_blade"
"weapon__A__40018","4879","core:venom_reaping","core:harvest_scythe"
"weapon__A__40018","12231","core:seed_crown","core:seed_bag"
"weapon__A__40020","3437","core:seed_crown","core:seed_bag"
"weapon__A__40020","4841","core:sowing_sworddance","core:iron_blade"
"weapon__A__40028","2611","core:seed_crown","core:seed_bag"
"weapon__B__40000","20041","core:rally_kitchen","core:muster_horn"
"weapon__B__40003","13771","core:seed_crown","core:seed_bag"
"weapon__B__40003","26250","core:sowing_sworddance","core:iron_blade"
"weapon__B__40005","10177","core:seed_crown","core:seed_bag"
"weapon__B__40005","10177","core:sowing_sworddance","core:iron_blade"
"weapon__B__40005","26554","core:rally_kitchen","core:muster_horn"
"weapon__B__40006","12469","core:seed_crown","core:seed_bag"
"weapon__B__40006","13234","core:sowing_sworddance","core:iron_blade"
"weapon__B__40007","12786","core:seed_crown","core:seed_bag"
"weapon__B__40007","18797","core:venom_reaping","core:harvest_scythe"
"weapon__B__40007","20069","core:sowing_sworddance","core:iron_blade"
"weapon__B__40008","6973","core:seed_crown","core:seed_bag"
"weapon__B__40008","15592","core:rally_kitchen","core:muster_horn"
"weapon__B__40008","18443","core:sowing_sworddance","core:iron_blade"
"weapon__B__40009","6524","core:seed_crown","core:seed_bag"
"weapon__B__40009","8319","core:sowing_sworddance","core:iron_blade"
"weapon__B__40010","4891","core:seed_crown","core:seed_bag"
"weapon__B__40010","4891","core:sowing_sworddance","core:iron_blade"
"weapon__B__40010","10384","core:rally_kitchen","core:muster_horn"
"weapon__B__40011","4239","core:seed_crown","core:seed_bag"
"weapon__B__40011","7151","core:sowing_sworddance","core:iron_blade"
"weapon__B__40011","14621","core:rally_kitchen","core:muster_horn"
"weapon__B__40015","25382","core:rally_kitchen","core:muster_horn"
"weapon__B__40017","2785","core:seed_crown","core:seed_bag"
"weapon__B__40017","4299","core:sowing_sworddance","core:iron_blade"
"weapon__B__40017","16068","core:rain_channel_shot","core:canal_bow"
"weapon__B__40018","4879","core:venom_reaping","core:harvest_scythe"
"weapon__B__40019","7799","core:venom_reaping","core:harvest_scythe"
"weapon__B__40019","24894","core:seed_crown","core:seed_bag"
"weapon__B__40020","3437","core:seed_crown","core:seed_bag"
"weapon__B__40020","4841","core:sowing_sworddance","core:iron_blade"
"weapon__B__40020","13355","core:rally_kitchen","core:muster_horn"
"weapon__B__40020","24495","core:venom_reaping","core:harvest_scythe"
"weapon__B__40023","19692","core:seed_crown","core:seed_bag"
"weapon__B__40023","21222","core:sowing_sworddance","core:iron_blade"
"weapon__B__40025","8642","core:seed_crown","core:seed_bag"
"weapon__B__40025","16207","core:rally_kitchen","core:muster_horn"
"weapon__B__40026","21001","core:seed_crown","core:seed_bag"
"weapon__B__40026","24226","core:sowing_sworddance","core:iron_blade"
"weapon__B__40027","5592","core:seed_crown","core:seed_bag"
"weapon__B__40028","2611","core:seed_crown","core:seed_bag"
"weapon__B__40028","21089","core:venom_reaping","core:harvest_scythe"
"weapon__C__40003","5656","core:seed_crown","core:seed_bag"
"weapon__C__40004","21979","core:seed_crown","core:seed_bag"
"weapon__C__40004","21979","core:sowing_sworddance","core:iron_blade"
"weapon__C__40007","12786","core:seed_crown","core:seed_bag"
"weapon__C__40007","24754","core:sowing_sworddance","core:iron_blade"
"weapon__C__40010","4891","core:seed_crown","core:seed_bag"
"weapon__C__40010","4891","core:sowing_sworddance","core:iron_blade"
"weapon__C__40012","9515","core:seed_crown","core:seed_bag"
"weapon__C__40012","25006","core:sowing_sworddance","core:iron_blade"
"weapon__C__40016","13558","core:seed_crown","core:seed_bag"
"weapon__C__40016","13558","core:sowing_sworddance","core:iron_blade"
"weapon__C__40017","2785","core:seed_crown","core:seed_bag"
"weapon__C__40017","4299","core:sowing_sworddance","core:iron_blade"
"weapon__C__40018","4879","core:venom_reaping","core:harvest_scythe"
"weapon__C__40020","3437","core:seed_crown","core:seed_bag"
"weapon__C__40020","4841","core:sowing_sworddance","core:iron_blade"
"weapon__C__40022","10879","core:seed_crown","core:seed_bag"
"weapon__C__40022","12874","core:sowing_sworddance","core:iron_blade"
"weapon__C__40028","2611","core:seed_crown","core:seed_bag"
"weapon__C__40028","9503","core:venom_reaping","core:harvest_scythe"
