"caseId","tick","weaponSlots","weaponCount","weaponRankSum","spawnRequested","spawnAdmitted","capRejected","admittedHp","killedCount","removedHp","liveEnemyCount","liveHp","nearLordCount","nearLordRadius","enemyCap","baseSpawnCount","timeRamp","prosperity","prosperityContribution","seasonMultiplier"
"building__A__40000","27000","5","5","22","5316","5316","0","227010","5176","218149","140","7463","0","350","1000","3","15","14","0","2"
"building__A__40001","27000","5","5","28","6077","6077","0","261000","5964","252971","113","8029","0","350","1000","3","15","42","1","2"
"building__A__40002","27000","5","5","19","6577","6577","0","282112","6206","267754","371","13573","0","350","1000","3","15","13","0","2"
"building__A__40003","27000","5","5","25","5391","5391","0","233839","5297","230107","94","3659","0","350","1000","3","15","72","1","2"
"building__A__40004","27000","5","5","23","5670","5670","0","243185","5469","233341","201","9462","0","350","1000","3","15","35","0","2"
"building__A__40005","27000","5","5","30","7095","7095","0","299537","6927","294256","168","5281","0","350","1000","3","15","20","0","2"
"building__A__40006","27000","5","5","22","5174","5174","0","220162","4684","192260","490","19968","0","350","1000","3","15","30","0","2"
"building__A__40007","27000","5","5","28","5726","5726","0","243482","5618","239356","108","4126","0","350","1000","3","15","30","0","2"
"building__A__40008","27000","5","5","25","5305","5305","0","226166","4645","189759","660","31358","0","350","1000","3","15","39","0","2"
"building__A__40009","27000","5","5","22","5873","5873","0","250878","5750","246199","123","4679","0","350","1000","3","15","72","1","2"
"building__A__40010","27000","5","5","25","9509","9509","0","403484","9325","395947","184","7467","0","350","1000","3","15","531","13","2"
"building__A__40011","27000","5","5","28","5433","5433","0","232335","5307","224474","126","6703","0","350","1000","3","15","30","0","2"
"building__A__40012","27000","5","5","21","5542","5542","0","235416","5310","222749","232","11098","0","350","1000","3","15","7","0","2"
"building__A__40013","27000","5","5","23","5127","5127","0","220786","4881","210583","246","9714","0","350","1000","3","15","14","0","2"
"building__A__40014","27000","5","5","18","6390","6390","0","271550","6210","262114","180","7886","0","350","1000","3","15","37","0","2"
"building__A__40015","27000","5","5","33","10445","10445","0","440738","10279","434113","166","6625","0","350","1000","3","15","583","14","2"
"building__A__40016","27000","5","5","26","7023","7023","0","300382","6888","294711","135","5671","0","350","1000","3","15","51","1","2"
"building__A__40017","27000","5","5","22","6050","6050","0","257231","5887","248183","163","9048","0","350","1000","3","15","26","0","2"
"building__A__40018","27000","5","5","23","5431","5431","0","232710","5313","227953","118","4683","0","350","1000","3","15","31","0","2"
"building__A__40019","27000","5","5","23","5239","5239","0","224167","4703","194152","536","22028","0","350","1000","3","15","35","0","2"
"building__A__40020","27000","5","5","26","6713","6713","0","286039","6566","277258","147","6707","0","350","1000","3","15","27","0","2"
"building__A__40021","27000","5","5","29","5173","5173","0","222220","5048","213759","125","8311","0","350","1000","3","15","2","0","2"
"building__A__40022","27000","5","5","20","5851","5851","0","250469","5645","239697","206","10488","0","350","1000","3","15","17","0","2"
"building__A__40023","27000","5","5","21","5218","5218","0","225200","5114","217453","104","5830","0","350","1000","3","15","7","0","2"
"building__A__40024","27000","5","5","23","5520","5520","0","236360","5355","230278","165","6030","0","350","1000","3","15","37","0","2"
"building__A__40025","27000","5","5","18","5485","5485","0","236728","5316","231127","169","5601","0","350","1000","3","15","30","0","2"
"building__A__40026","27000","5","5","25","5346","5346","0","229869","5078","218268","268","11490","0","350","1000","3","15","18","0","2"
"building__A__40027","27000","5","5","18","5436","5436","0","233037","5304","224521","132","7370","0","350","1000","3","15","5","0","2"
"building__A__40028","27000","5","5","19","6356","6356","0","271745","6237","266820","119","4661","0","350","1000","3","15","25","0","2"
"building__A__40029","27000","5","5","22","5806","5806","0","249478","5704","241713","102","4430","0","350","1000","3","15","32","0","2"
"building__A__40030","27000","5","5","30","5371","5371","0","228898","5266","221478","105","5469","0","350","1000","3","15","20","0","2"
"building__A__40031","27000","5","5","23","5358","5358","0","227387","5254","223437","104","3950","0","350","1000","3","15","36","0","2"
"building__B__40000","27000","5","5","18","10555","10555","0","446503","10310","434147","245","12356","0","350","1000","3","15","590","14","2"
"building__B__40001","27000","5","5","21","10908","10908","0","463712","10727","456543","181","7145","0","350","1000","3","15","578","14","2"
"building__B__40002","27000","5","5","18","10869","10869","0","462082","10682","451261","187","7653","0","350","1000","3","15","584","14","2"
"building__B__40003","27000","5","5","27","10595","10595","0","450317","9840","409275","755","36079","0","350","1000","3","15","587","14","2"
"building__B__40004","27000","5","5","27","10994","10994","0","466630","10801","455911","193","10687","0","350","1000","3","15","586","14","2"
"building__B__40005","27000","5","5","29","8887","8887","0","374970","8753","369559","134","5411","0","350","1000","3","15","498","12","2"
"building__B__40006","27000","5","5","22","9674","9674","0","411094","9498","404072","176","7022","0","350","1000","3","15","585","14","2"
"building__B__40007","27000","5","5","28","10058","10058","0","426507","9863","415808","195","10699","0","350","1000","3","15","587","14","2"
"building__B__40008","27000","5","5","33","10638","10638","0","451911","10469","441522","169","10005","0","350","1000","3","15","586","14","2"
"building__B__40009","27000","5","5","34","10069","10069","0","428089","9218","382269","851","36777","0","350","1000","3","15","583","14","2"
"building__B__40010","27000","5","5","25","9509","9509","0","403484","9325","395947","184","7467","0","350","1000","3","15","531","13","2"
"building__B__40011","27000","5","5","23","10573","10573","0","450230","10372","442220","201","7859","0","350","1000","3","15","589","14","2"
"building__B__40012","27000","5","5","29","9299","9299","0","393932","9010","381682","289","11435","0","350","1000","3","15","524","13","2"
"building__B__40013","27000","5","5","27","10374","10374","0","439227","10199","432610","175","6617","0","350","1000","3","15","586","14","2"
"building__B__40014","27000","5","5","25","10837","10837","0","459806","10644","448992","193","10718","0","350","1000","3","15","579","14","2"
"building__B__40015","27000","5","5","33","10445","10445","0","440738","10279","434113","166","6625","0","350","1000","3","15","583","14","2"
"building__B__40016","27000","5","5","30","10828","10828","0","458961","10031","416233","797","41918","0","350","1000","3","15","582","14","2"
"building__B__40017","27000","5","5","33","10836","10836","0","461258","10662","450774","174","10484","0","350","1000","3","15","586","14","2"
"building__B__40018","27000","5","5","32","10418","10418","0","441424","10234","434360","184","7000","0","350","1000","3","15","583","14","2"
"building__B__40019","27000","5","5","22","9288","9288","0","393996","8463","353070","825","34382","0","350","1000","3","15","572","14","2"
"building__B__40020","27000","5","5","30","10683","10683","0","450105","10528","440745","155","9360","0","350","1000","3","15","584","14","2"
"building__B__40021","27000","5","5","23","6159","6159","0","264133","5642","238348","517","22194","0","350","1000","3","15","141","3","2"
"building__B__40022","27000","5","5","18","10854","10854","0","460662","10571","445971","283","14239","0","350","1000","3","15","567","14","2"
"building__B__40023","27000","5","5","22","10321","10321","0","437839","10021","423390","300","14425","0","350","1000","3","15","587","14","2"
"building__B__40024","27000","5","5","28","10898","10898","0","463718","10710","456123","188","7483","0","350","1000","3","15","587","14","2"
"building__B__40025","27000","5","5","24","10422","10422","0","443448","10248","436795","174","6653","0","350","1000","3","15","579","14","2"
"building__B__40026","27000","5","5","26","7114","7114","0","302417","6976","296942","138","5343","0","350","1000","3","15","340","8","2"
"building__B__40027","27000","5","5","15","10569","10569","0","449908","10388","439538","181","9612","0","350","1000","3","15","589","14","2"
"building__B__40028","27000","5","5","23","9653","9653","0","409167","9462","398326","191","10732","0","350","1000","3","15","583","14","2"
"building__B__40029","27000","5","5","29","10649","10649","0","451922","10459","444739","190","7183","0","350","1000","3","15","576","14","2"
"building__B__40030","27000","5","5","23","8787","8787","0","371525","8631","365511","156","6014","0","350","1000","3","15","443","11","2"
"building__B__40031","27000","5","5","22","10207","10207","0","434156","10043","424481","164","9611","0","350","1000","3","15","591","14","2"
"building__C__40000","27000","5","5","20","9973","9973","0","422194","9786","414640","187","7530","0","350","1000","3","15","566","14","2"
"building__C__40001","27000","5","5","31","10650","10650","0","451306","10474","444597","176","6530","0","350","1000","3","15","494","12","2"
"building__C__40002","27000","5","5","20","10290","10290","0","436376","10108","429197","182","6979","0","350","1000","3","15","530","13","2"
"building__C__40003","27000","5","5","22","10436","10436","0","444720","9580","398324","856","39757","0","350","1000","3","15","550","13","2"
"building__C__40004","27000","5","5","19","7546","7546","0","322695","7416","317628","130","4955","0","350","1000","3","15","294","7","2"
"building__C__40005","27000","5","5","29","8841","8841","0","375848","8670","369144","171","6624","0","350","1000","3","15","433","10","2"
"building__C__40006","27000","5","5","28","8563","8563","0","364720","7795","323483","768","36538","0","350","1000","3","15","577","14","2"
"building__C__40007","27000","5","5","29","8989","8989","0","381138","8850","375886","139","5180","0","350","1000","3","15","240","6","2"
"building__C__40008","27000","5","5","21","5507","5507","0","235634","5407","231647","100","3835","0","350","1000","3","15","37","0","2"
"building__C__40009","27000","5","5","19","10199","10199","0","431405","10021","420955","178","8306","0","350","1000","3","15","526","13","2"
"building__C__40010","27000","5","5","25","9509","9509","0","403484","9325","395947","184","7467","0","350","1000","3","15","531","13","2"
"building__C__40011","27000","5","5","28","10364","10364","0","440525","10194","433797","170","6712","0","350","1000","3","15","547","13","2"
"building__C__40012","27000","5","5","16","5821","5821","0","247340","5520","229953","301","14719","0","350","1000","3","15","32","0","2"
"building__C__40013","27000","5","5","27","9643","9643","0","409900","9451","399445","192","9999","0","350","1000","3","15","498","12","2"
"building__C__40014","27000","5","5","24","10107","10107","0","432973","9908","421422","199","11047","0","350","1000","3","15","547","13","2"
"building__C__40015","27000","5","5","33","10445","10445","0","440738","10279","434113","166","6625","0","350","1000","3","15","583","14","2"
"building__C__40016","27000","5","5","22","8170","8170","0","346534","7485","310956","685","33544","0","350","1000","3","15","96","2","2"
"building__C__40017","27000","5","5","27","10436","10436","0","441998","10229","430457","207","11445","0","350","1000","3","15","430","10","2"
"building__C__40018","27000","5","5","22","7465","7465","0","317191","7325","308293","140","7970","0","350","1000","3","15","440","11","2"
"building__C__40019","27000","5","5","21","7555","7555","0","323561","7014","293645","541","24261","0","350","1000","3","15","513","12","2"
"building__C__40020","27000","5","5","32","10354","10354","0","438540","10167","430922","187","7578","0","350","1000","3","15","563","14","2"
"building__C__40021","27000","5","5","29","5213","5213","0","222299","5003","212651","210","9052","0","350","1000","3","15","4","0","2"
"building__C__40022","27000","5","5","32","9148","9148","0","391277","8940","379641","208","10339","0","350","1000","3","15","550","13","2"
"building__C__40023","27000","5","5","23","6255","6255","0","268849","6145","264449","110","4384","0","350","1000","3","15","186","4","2"
"building__C__40024","27000","5","5","27","5554","5554","0","234903","5381","225394","173","9156","0","350","1000","3","15","121","3","2"
"building__C__40025","27000","5","5","29","10051","10051","0","427018","9886","416832","165","7994","0","350","1000","3","15","523","13","2"
"building__C__40026","27000","5","5","19","6360","6360","0","271681","6240","267213","120","4352","0","350","1000","3","15","189","4","2"
"building__C__40027","27000","5","5","30","7908","7908","0","336514","7755","327524","153","8283","0","350","1000","3","15","89","2","2"
"building__C__40028","27000","5","5","19","6933","6933","0","297314","6806","292252","127","4968","0","350","1000","3","15","176","4","2"
"building__C__40029","27000","5","5","25","9737","9737","0","414309","9571","407536","166","6773","0","350","1000","3","15","450","11","2"
"building__C__40030","27000","5","5","21","8256","8256","0","351346","8115","345772","141","5534","0","350","1000","3","15","293","7","2"
"building__C__40031","27000","5","5","22","5730","5730","0","244808","5627","240738","103","4030","0","350","1000","3","15","55","1","2"
"land__A__40000","27000","5","5","18","5245","5245","0","224214","5041","214944","204","7000","0","350","1000","3","15","11","0","2"
"land__A__40001","27000","5","5","20","5223","5223","0","223151","5094","214833","129","7911","0","350","1000","3","15","1","0","2"
"land__A__40002","27000","5","5","15","6407","6407","0","276585","6297","272136","110","4328","0","350","1000","3","15","47","1","2"
"land__A__40003","27000","5","5","27","5280","5280","0","226356","4888","212534","392","13109","0","350","1000","3","15","14","0","2"
"land__A__40004","27000","5","5","21","5942","5942","0","253184","5806","244536","136","6254","0","350","1000","3","15","62","1","2"
"land__A__40005","27000","5","5","28","5195","5195","0","220360","5085","216173","110","4055","0","350","1000","3","15","23","0","2"
"land__A__40006","27000","5","5","21","5890","5890","0","249616","5775","245022","115","4594","0","350","1000","3","15","32","0","2"
"land__A__40007","27000","5","5","20","5699","5699","0","243031","5562","237947","137","5007","0","350","1000","3","15","31","0","2"
"land__A__40008","27000","5","5","21","10241","10241","0","431482","10051","424352","190","7130","0","350","1000","3","15","584","14","2"
"land__A__40009","27000","5","5","15","5351","5351","0","228913","5225","224049","126","4864","0","350","1000","3","15","30","0","2"
"land__A__40010","27000","5","5","15","5860","5860","0","250527","5605","239616","255","10327","0","350","1000","3","15","16","0","2"
"land__A__40011","27000","5","5","25","5231","5231","0","223257","4713","194799","518","22933","0","350","1000","3","15","38","0","2"
"land__A__40012","27000","5","5","16","6514","6514","0","276024","5915","243011","599","23389","0","350","1000","3","15","68","1","2"
"land__A__40013","27000","5","5","23","5127","5127","0","221187","5000","216556","127","4631","0","350","1000","3","15","4","0","2"
"land__A__40014","27000","5","5","28","5493","5493","0","235600","5366","230854","127","4477","0","350","1000","3","15","16","0","2"
"land__A__40015","27000","5","5","16","5890","5890","0","253072","5690","245323","200","7679","0","350","1000","3","15","10","0","2"
"land__A__40016","27000","5","5","19","5801","5801","0","248420","5637","238971","164","8999","0","350","1000","3","15","19","0","2"
"land__A__40017","27000","5","5","32","7847","7847","0","333555","7665","324124","182","9431","0","350","1000","3","15","23","0","2"
"land__A__40018","27000","5","5","19","5759","5759","0","246162","5651","238426","108","5191","0","350","1000","3","15","23","0","2"
"land__A__40019","27000","5","5","23","5424","5424","0","232637","5279","226987","145","5541","0","350","1000","3","15","28","0","2"
"land__A__40020","27000","5","5","19","5870","5870","0","251551","5630","240260","240","11095","0","350","1000","3","15","16","0","2"
"land__A__40021","27000","5","5","20","5135","5135","0","220728","4959","211262","176","6784","0","350","1000","3","15","6","0","2"
"land__A__40022","27000","5","5","23","5980","5980","0","255383","5762","245502","218","9479","0","350","1000","3","15","13","0","2"
"land__A__40023","27000","5","5","16","5221","5221","0","224229","5109","216198","112","5246","0","350","1000","3","15","32","0","2"
"land__A__40024","27000","5","5","21","5365","5365","0","229576","5117","218049","248","10850","0","350","1000","3","15","18","0","2"
"land__A__40025","27000","5","5","10","6014","6014","0","257632","5554","240013","460","16119","0","350","1000","3","15","14","0","2"
"land__A__40026","27000","5","5","30","5476","5476","0","233781","5378","230181","98","3600","0","350","1000","3","15","62","1","2"
"land__A__40027","27000","5","5","16","6575","6575","0","278974","6289","267571","286","11314","0","350","1000","3","15","33","0","2"
"land__A__40028","27000","5","5","15","6233","6233","0","265931","5494","226317","739","38921","0","350","1000","3","15","48","1","2"
"land__A__40029","27000","5","5","30","5194","5194","0","223918","5033","215033","161","7582","0","350","1000","3","15","19","0","2"
"land__A__40030","27000","5","5","16","6232","6232","0","267973","6114","259566","118","6087","0","350","1000","3","15","38","0","2"
"land__A__40031","27000","5","5","23","5279","5279","0","225865","4816","211681","463","14133","0","350","1000","3","15","4","0","2"
"land__B__40000","27000","5","5","14","10759","10759","0","456505","10555","448924","204","7563","0","350","1000","3","15","575","14","2"
"land__B__40001","27000","5","5","19","10928","10928","0","463728","10740","453125","188","7715","0","350","1000","3","15","581","14","2"
"land__B__40002","27000","5","5","15","10803","10803","0","458447","10624","451193","179","7106","0","350","1000","3","15","589","14","2"
"land__B__40003","27000","5","5","14","10920","10920","0","463160","9980","416355","940","39658","0","350","1000","3","15","580","14","2"
"land__B__40004","27000","5","5","18","10963","10963","0","465668","10771","454412","192","11148","0","350","1000","3","15","590","14","2"
"land__B__40005","27000","5","5","28","6244","6244","0","265962","6121","261344","123","4576","0","350","1000","3","15","120","3","2"
"land__B__40006","27000","5","5","12","10865","10865","0","460058","10681","453205","184","6853","0","350","1000","3","15","578","14","2"
"land__B__40007","27000","5","5","22","10373","10373","0","440351","10189","429881","184","10454","0","350","1000","3","15","584","14","2"
"land__B__40008","27000","5","5","21","10241","10241","0","431482","10051","424352","190","7130","0","350","1000","3","15","584","14","2"
"land__B__40009","27000","5","5","16","10143","10143","0","430959","9346","388545","797","36915","0","350","1000","3","15","581","14","2"
"land__B__40010","27000","5","5","14","10887","10887","0","463332","10653","451011","234","12321","0","350","1000","3","15","586","14","2"
"land__B__40011","27000","5","5","19","10516","10516","0","446374","10337","436162","179","9444","0","350","1000","3","15","582","14","2"
"land__B__40012","27000","5","5","13","10762","10762","0","455655","10570","448296","192","7267","0","350","1000","3","15","585","14","2"
"land__B__40013","27000","5","5","20","10195","10195","0","432264","10016","421936","179","10192","0","350","1000","3","15","589","14","2"
"land__B__40014","27000","5","5","15","10617","10617","0","452409","10417","444712","200","7665","0","350","1000","3","15","573","14","2"
"land__B__40015","27000","5","5","16","10524","10524","0","448045","10320","436683","204","11290","0","350","1000","3","15","584","14","2"
"land__B__40016","27000","5","5","12","10926","10868","58","460920","9927","410569","941","42972","0","350","1000","3","15","511","12","2"
"land__B__40017","27000","5","5","29","10833","10833","0","458906","10672","448772","161","10134","0","350","1000","3","15","586","14","2"
"land__B__40018","27000","5","5","13","10612","10612","0","449522","10281","434168","331","15338","0","350","1000","3","15","568","14","2"
"land__B__40019","27000","5","5","21","10607","10607","0","448532","9909","411124","698","33064","0","350","1000","3","15","589","14","2"
"land__B__40020","27000","5","5","9","10973","10973","0","465954","10786","455375","187","7818","0","350","1000","3","15","590","14","2"
"land__B__40021","27000","5","5","14","10771","10771","0","455880","10564","447984","207","7840","0","350","1000","3","15","590","14","2"
"land__B__40022","27000","5","5","16","10833","10833","0","460708","10654","450496","179","10212","0","350","1000","3","15","587","14","2"
"land__B__40023","27000","5","5","16","10569","10510","59","445802","9563","398378","947","46041","0","350","1000","3","15","587","14","2"
"land__B__40024","27000","5","5","13","10889","10889","0","460265","10709","449719","180","10290","0","350","1000","3","15","578","14","2"
"land__B__40025","27000","5","5","8","10897","10897","0","460123","10719","449490","178","10568","0","350","1000","3","15","588","14","2"
"land__B__40026","27000","5","5","25","10722","10722","0","453907","10501","442099","221","11800","0","350","1000","3","15","545","13","2"
"land__B__40027","27000","5","5","15","10873","10873","0","461472","10623","448723","250","11757","0","350","1000","3","15","579","14","2"
"land__B__40028","27000","5","5","20","10874","10529","345","447007","9563","398737","966","47469","0","350","1000","3","15","582","14","2"
"land__B__40029","27000","5","5","13","10816","10816","0","460262","10616","452304","200","7958","0","350","1000","3","15","586","14","2"
"land__B__40030","27000","5","5","14","8483","8483","0","360967","8282","352861","201","7983","0","350","1000","3","15","581","14","2"
"land__B__40031","27000","5","5","21","10415","10415","0","443497","10235","436680","180","6817","0","350","1000","3","15","545","13","2"
"land__C__40000","27000","5","5","17","9717","9717","0","409995","8854","364165","863","38263","0","350","1000","3","15","555","13","2"
"land__C__40001","27000","5","5","21","5769","5769","0","246720","5652","242245","117","4412","0","350","1000","3","15","49","1","2"
"land__C__40002","27000","5","5","21","7382","7382","0","314824","7226","305642","156","8594","0","350","1000","3","15","58","1","2"
"land__C__40003","27000","5","5","28","10039","10039","0","427225","9238","387820","801","33354","1","350","1000","3","15","547","13","2"
"land__C__40004","27000","5","5","15","9736","9736","0","413968","9551","403215","185","9943","0","350","1000","3","15","496","12","2"
"land__C__40005","27000","5","5","22","5389","5389","0","228989","5263","220950","126","5932","0","350","1000","3","15","91","2","2"
"land__C__40006","27000","5","5","29","6575","6575","0","281728","6390","272458","185","9199","0","350","1000","3","15","15","0","2"
"land__C__40007","27000","5","5","18","9951","9951","0","422842","9747","411082","204","8684","0","350","1000","3","15","559","13","2"
"land__C__40008","27000","5","5","21","10241","10241","0","431482","10051","424352","190","7130","0","350","1000","3","15","584","14","2"
"land__C__40009","27000","5","5","23","10395","10395","0","442111","10215","434748","180","7236","0","350","1000","3","15","529","13","2"
"land__C__40010","27000","5","5","9","10176","10176","0","431114","9997","420922","179","10056","0","350","1000","3","15","536","13","2"
"land__C__40011","27000","5","5","11","10383","10383","0","441525","10203","434544","180","6893","0","350","1000","3","15","558","13","2"
"land__C__40012","27000","5","5","19","5971","5971","0","253761","5636","241635","335","12056","0","350","1000","3","15","10","0","2"
"land__C__40013","27000","5","5","21","9135","9135","0","386112","8969","376633","166","8462","0","350","1000","3","15","172","4","2"
"land__C__40014","27000","5","5","22","6248","6248","0","267157","6120","262129","128","4980","0","350","1000","3","15","286","7","2"
"land__C__40015","27000","5","5","18","10251","10251","0","436019","10079","425574","172","10165","0","350","1000","3","15","568","14","2"
"land__C__40016","27000","5","5","20","10581","10581","0","449410","10398","442304","183","7058","0","350","1000","3","15","529","13","2"
"land__C__40017","27000","5","5","29","10535","10535","0","447677","10366","440735","169","6942","0","350","1000","3","15","575","14","2"
"land__C__40018","27000","5","5","21","5769","5769","0","245128","5648","237189","121","5652","0","350","1000","3","15","69","1","2"
"land__C__40019","27000","5","5","16","9204","9021","183","384419","8059","331523","962","48021","0","350","1000","3","15","437","10","2"
"land__C__40020","27000","5","5","17","7743","7743","0","330857","7610","325855","133","4975","0","350","1000","3","15","19","0","2"
"land__C__40021","27000","5","5","18","9928","9928","0","421662","9158","384045","770","33287","0","350","1000","3","15","518","12","2"
"land__C__40022","27000","5","5","14","8762","8762","0","373169","8574","362473","188","10042","0","350","1000","3","15","280","7","2"
"land__C__40023","27000","5","5","19","9603","9603","0","406309","9429","399525","174","6752","0","350","1000","3","15","541","13","2"
"land__C__40024","27000","5","5","24","9756","9756","0","412079","9581","405254","175","6809","0","350","1000","3","15","571","14","2"
"land__C__40025","27000","5","5","12","7085","7085","0","302865","6373","265147","712","33341","0","350","1000","3","15","28","0","2"
"land__C__40026","27000","5","5","13","9628","9628","0","407877","9441","400610","187","7251","0","350","1000","3","15","519","12","2"
"land__C__40027","27000","5","5","13","9301","9301","0","395620","9089","383700","212","10743","0","350","1000","3","15","529","13","2"
"land__C__40028","27000","5","5","16","7337","7337","0","311891","6631","273746","706","35301","0","350","1000","3","15","176","4","2"
"land__C__40029","27000","5","5","16","7871","7871","0","336007","7142","296148","729","34017","0","350","1000","3","15","464","11","2"
"land__C__40030","27000","5","5","18","9568","9568","0","407294","9393","400498","175","6772","0","350","1000","3","15","400","10","2"
"land__C__40031","27000","5","5","18","9769","9769","0","416264","9588","405406","181","10810","0","350","1000","3","15","533","13","2"
"mixed__A__40000","27000","5","5","12","6471","6471","0","275995","6349","270925","122","5053","0","350","1000","3","15","104","2","2"
"mixed__A__40001","27000","5","5","19","6188","6188","0","262714","5593","232519","595","24526","0","350","1000","3","15","51","1","2"
"mixed__A__40002","27000","5","5","13","5395","5395","0","231862","5131","220399","264","10823","1","350","1000","3","15","11","0","2"
"mixed__A__40003","27000","5","5","21","5344","5344","0","229121","5042","217849","302","10435","0","350","1000","3","15","14","0","2"
"mixed__A__40004","27000","5","5","26","5387","5387","0","229451","5261","224528","126","4923","0","350","1000","3","15","22","0","2"
"mixed__A__40005","27000","5","5","15","5714","5714","0","241416","5616","233821","98","4080","0","350","1000","3","15","108","2","2"
"mixed__A__40006","27000","5","5","19","5314","5314","0","227475","5096","217448","218","10027","0","350","1000","3","15","9","0","2"
"mixed__A__40007","27000","5","5","24","5275","5275","0","226296","5147","221597","128","4682","0","350","1000","3","15","16","0","2"
"mixed__A__40008","27000","5","5","14","6151","6151","0","261078","5465","227497","686","31443","0","350","1000","3","15","62","1","2"
"mixed__A__40009","27000","5","5","8","6064","6064","0","258646","5891","252477","173","6105","0","350","1000","3","15","53","1","2"
"mixed__A__40010","27000","5","5","13","5746","5746","0","245217","5300","220126","446","20604","0","350","1000","3","15","63","1","2"
"mixed__A__40011","27000","5","5","19","5166","5166","0","221586","4550","190402","616","28301","0","350","1000","3","15","9","0","2"
"mixed__A__40012","27000","5","5","15","5385","5385","0","229658","5198","220250","187","8700","0","350","1000","3","15","28","0","2"
"mixed__A__40013","27000","5","5","17","5133","5133","0","219758","5009","211232","124","8526","0","350","1000","3","15","7","0","2"
"mixed__A__40014","27000","5","5","23","5275","5275","0","225513","4905","208076","370","15136","0","350","1000","3","15","14","0","2"
"mixed__A__40015","27000","5","5","20","5189","5189","0","221673","4681","192773","508","24853","0","350","1000","3","15","16","0","2"
"mixed__A__40016","27000","5","5","28","5169","5169","0","220242","5025","211870","144","8304","0","350","1000","3","15","5","0","2"
"mixed__A__40017","27000","5","5","12","6303","6303","0","266321","6204","258792","99","4331","1","350","1000","3","15","59","1","2"
"mixed__A__40018","27000","5","5","20","5262","5262","0","223340","5128","219007","134","4309","0","350","1000","3","15","26","0","2"
"mixed__A__40019","27000","5","5","21","5307","5307","0","228349","4821","203560","486","20588","0","350","1000","3","15","45","1","2"
"mixed__A__40020","27000","5","5","19","6228","6228","0","266838","6121","262639","107","4199","0","350","1000","3","15","78","1","2"
"mixed__A__40021","27000","5","5","8","10428","10428","0","445590","9510","399585","918","44101","0","350","1000","3","15","583","14","2"
"mixed__A__40022","27000","5","5","24","5119","5119","0","218299","4517","187302","602","26913","0","350","1000","3","15","15","0","2"
"mixed__A__40023","27000","5","5","16","5472","5472","0","234167","5351","229509","121","4533","0","350","1000","3","15","34","0","2"
"mixed__A__40024","27000","5","5","25","5408","5408","0","230116","5292","225592","116","4465","0","350","1000","3","15","34","0","2"
"mixed__A__40025","27000","5","5","17","5288","5288","0","225693","5158","217149","130","5052","0","350","1000","3","15","52","1","2"
"mixed__A__40026","27000","5","5","17","5430","5430","0","232346","4866","200559","564","28163","0","350","1000","3","15","47","1","2"
"mixed__A__40027","27000","5","5","12","6089","6089","0","258707","5842","246641","247","9165","0","350","1000","3","15","44","1","2"
"mixed__A__40028","27000","5","5","14","6326","6326","0","269926","6218","265407","108","4263","0","350","1000","3","15","37","0","2"
"mixed__A__40029","27000","5","5","13","5794","5794","0","247549","5681","243078","113","4471","0","350","1000","3","15","71","1","2"
"mixed__A__40030","27000","5","5","20","5397","5397","0","231263","5264","226303","133","4911","0","350","1000","3","15","16","0","2"
"mixed__A__40031","27000","5","5","18","5787","5787","0","247422","5649","241676","138","5645","0","350","1000","3","15","96","2","2"
"mixed__B__40000","27000","5","5","8","10796","10796","0","458389","10020","416749","776","38935","0","350","1000","3","15","585","14","2"
"mixed__B__40001","27000","5","5","7","10404","10404","0","443867","9560","398275","844","40176","0","350","1000","3","15","578","14","2"
"mixed__B__40002","27000","5","5","12","8670","8670","0","371243","8477","359859","193","11384","0","350","1000","3","15","569","14","2"
"mixed__B__40003","27000","5","5","9","9486","9486","0","405850","9258","393904","228","11793","0","350","1000","3","15","558","13","2"
"mixed__B__40004","27000","5","5","10","11019","11019","0","467039","10832","456462","187","10553","0","350","1000","3","15","581","14","2"
"mixed__B__40005","27000","5","5","12","8994","8994","0","379041","8811","367953","183","10813","0","350","1000","3","15","589","14","2"
"mixed__B__40006","27000","5","5","8","10365","10365","0","440621","10186","430383","179","10182","0","350","1000","3","15","585","14","2"
"mixed__B__40007","27000","5","5","12","10740","10740","0","458935","10541","451091","199","7631","0","350","1000","3","15","584","14","2"
"mixed__B__40008","27000","5","4","7","10509","10464","45","442512","9520","392047","944","50027","1","350","1000","3","15","586","14","2"
"mixed__B__40009","27000","5","5","10","10789","10789","0","458556","10599","451193","190","7197","0","350","1000","3","15","587","14","2"
"mixed__B__40010","27000","5","5","8","10825","10825","0","459809","10633","452558","192","7227","0","350","1000","3","15","583","14","2"
"mixed__B__40011","27000","5","5","14","10657","10657","0","450863","10476","440448","181","7671","0","350","1000","3","15","593","14","2"
"mixed__B__40012","27000","5","5","8","10844","10844","0","458282","10649","447470","195","10739","0","350","1000","3","15","543","13","2"
"mixed__B__40013","27000","5","5","9","10363","10363","0","438283","10166","427276","197","11007","0","350","1000","3","15","589","14","2"
"mixed__B__40014","27000","5","5","11","10835","10835","0","459808","10585","446805","250","12819","0","350","1000","3","15","578","14","2"
"mixed__B__40015","27000","5","4","10","10842","10110","732","429168","9136","379919","974","48677","0","350","1000","3","15","592","14","2"
"mixed__B__40016","27000","5","5","6","10473","10473","0","444559","10275","436970","198","7565","0","350","1000","3","15","594","14","2"
"mixed__B__40017","27000","5","5","18","9502","9502","0","404087","9305","396705","197","7382","0","350","1000","3","15","564","14","2"
"mixed__B__40018","27000","5","5","9","10748","10748","0","455838","10369","442185","379","13637","0","350","1000","3","15","586","14","2"
"mixed__B__40019","27000","5","5","17","10430","10430","0","442054","10235","434171","195","7883","0","350","1000","3","15","584","14","2"
"mixed__B__40020","27000","5","5","9","10925","10925","0","463379","10211","428983","714","33097","0","350","1000","3","15","584","14","2"
"mixed__B__40021","27000","5","5","8","10428","10428","0","445590","9510","399585","918","44101","0","350","1000","3","15","583","14","2"
"mixed__B__40022","27000","5","4","7","10757","10757","0","454949","10562","447744","195","7205","0","350","1000","3","15","569","14","2"
"mixed__B__40023","27000","5","5","7","10957","10957","0","464027","10017","417748","940","40134","0","350","1000","3","15","581","14","2"
"mixed__B__40024","27000","5","5","7","10682","10682","0","456173","10483","444591","199","10170","0","350","1000","3","15","586","14","2"
"mixed__B__40025","27000","5","5","10","10916","10916","0","462538","10744","455233","172","7234","0","350","1000","3","15","585","14","2"
"mixed__B__40026","27000","5","5","10","10738","10738","0","455068","10539","444150","199","10326","0","350","1000","3","15","590","14","2"
"mixed__B__40027","27000","5","5","8","10822","10822","0","461725","10626","454340","196","7174","0","350","1000","3","15","576","14","2"
"mixed__B__40028","27000","5","5","9","9665","9665","0","410472","9459","402255","206","7968","0","350","1000","3","15","579","14","2"
"mixed__B__40029","27000","5","5","8","10798","10798","0","459752","10597","448328","201","10917","0","350","1000","3","15","563","14","2"
"mixed__B__40030","27000","5","5","6","10686","10686","0","453369","10489","445879","197","7410","0","350","1000","3","15","589","14","2"
"mixed__B__40031","27000","5","5","12","10640","10640","0","452895","10393","440011","247","12868","0","350","1000","3","15","581","14","2"
"mixed__C__40000","27000","5","5","13","9793","9793","0","418947","9601","411454","192","7451","0","350","1000","3","15","551","13","2"
"mixed__C__40001","27000","5","5","17","7991","7991","0","339503","7830","333452","161","5934","0","350","1000","3","15","41","1","2"
"mixed__C__40002","27000","5","5","20","6492","6492","0","277612","6334","268581","158","7955","0","350","1000","3","15","38","0","2"
"mixed__C__40003","27000","5","5","12","9017","9017","0","385468","8838","375106","179","7498","0","350","1000","3","15","568","14","2"
"mixed__C__40004","27000","5","5","28","5432","5432","0","232955","4975","205947","457","22556","0","350","1000","3","15","22","0","2"
"mixed__C__40005","27000","5","5","7","9455","9455","0","399706","9258","388511","197","10915","0","350","1000","3","15","549","13","2"
"mixed__C__40006","27000","5","5","14","9524","9524","0","405535","9311","393864","213","9775","0","350","1000","3","15","549","13","2"
"mixed__C__40007","27000","5","5","16","7321","7321","0","311186","6695","281215","626","27854","0","350","1000","3","15","345","8","2"
"mixed__C__40008","27000","5","5","16","5354","5354","0","227435","5191","218212","163","6813","0","350","1000","3","15","9","0","2"
"mixed__C__40009","27000","5","5","13","8006","8006","0","340051","7828","329541","178","10366","0","350","1000","3","15","529","13","2"
"mixed__C__40010","27000","5","5","14","9919","9919","0","423178","9686","410600","233","12407","0","350","1000","3","15","559","13","2"
"mixed__C__40011","27000","5","5","7","9791","9535","256","405393","8557","356754","978","46586","0","350","1000","3","15","575","14","2"
"mixed__C__40012","27000","5","5","11","9666","9666","0","411742","9480","404358","186","7111","0","350","1000","3","15","532","13","2"
"mixed__C__40013","27000","5","5","16","7260","7260","0","307975","7059","297689","201","10102","0","350","1000","3","15","142","3","2"
"mixed__C__40014","27000","5","5","15","9770","9770","0","416202","9575","404923","195","9045","0","350","1000","3","15","560","14","2"
"mixed__C__40015","27000","5","5","8","10376","10224","152","434302","9260","382688","964","47431","0","350","1000","3","15","538","13","2"
"mixed__C__40016","27000","5","5","19","5460","5460","0","234303","4896","203902","564","25572","0","350","1000","3","15","41","1","2"
"mixed__C__40017","27000","5","5","16","8614","8614","0","367740","8422","356896","192","9828","0","350","1000","3","15","567","14","2"
"mixed__C__40018","27000","5","5","14","6038","6038","0","255917","5566","228401","472","22709","0","350","1000","3","15","59","1","2"
"mixed__C__40019","27000","5","5","14","8285","8285","0","351619","8067","340041","218","10154","0","350","1000","3","15","543","13","2"
"mixed__C__40020","27000","5","5","16","6191","6191","0","263441","6060","254903","131","5561","0","350","1000","3","15","142","3","2"
"mixed__C__40021","27000","5","5","8","10428","10428","0","445590","9510","399585","918","44101","0","350","1000","3","15","583","14","2"
"mixed__C__40022","27000","5","5","11","10225","10225","0","436165","10016","424501","209","11384","0","350","1000","3","15","541","13","2"
"mixed__C__40023","27000","5","5","17","6358","6358","0","271051","6004","258109","354","12942","0","350","1000","3","15","15","0","2"
"mixed__C__40024","27000","5","5","21","5436","5436","0","229522","5277","220703","159","8265","0","350","1000","3","15","24","0","2"
"mixed__C__40025","27000","5","5","14","9775","9775","0","413116","9056","374857","719","32072","0","350","1000","3","15","506","12","2"
"mixed__C__40026","27000","5","5","13","5949","5949","0","254840","5383","226955","566","25745","0","350","1000","3","15","82","2","2"
"mixed__C__40027","27000","5","5","10","9288","9288","0","393784","9144","388148","144","5628","0","350","1000","3","15","304","7","2"
"mixed__C__40028","27000","5","5","15","10040","10040","0","427752","9833","416449","207","8598","0","350","1000","3","15","502","12","2"
"mixed__C__40029","27000","5","5","13","9465","9465","0","403607","9280","393158","185","7068","0","350","1000","3","15","500","12","2"
"mixed__C__40030","27000","5","5","17","8867","8867","0","374391","8681","363653","186","10232","0","350","1000","3","15","563","14","2"
"mixed__C__40031","27000","5","5","20","5198","5198","0","221149","5084","213555","114","6003","0","350","1000","3","15","13","0","2"
"people__A__40000","27000","5","5","22","5524","5524","0","236017","5398","231109","126","4908","0","350","1000","3","15","60","1","2"
"people__A__40001","27000","5","5","20","5233","5233","0","222321","5065","213191","168","8962","0","350","1000","3","15","3","0","2"
"people__A__40002","27000","5","5","14","5316","5316","0","226373","5195","218210","121","5808","0","350","1000","3","15","11","0","2"
"people__A__40003","27000","5","5","19","5231","5231","0","224039","4573","187356","658","28210","0","350","1000","3","15","10","0","2"
"people__A__40004","27000","5","5","21","5670","5670","0","243185","5469","233341","201","9462","0","350","1000","3","15","35","0","2"
"people__A__40005","27000","5","5","31","5131","5131","0","220214","5019","215796","112","4349","0","350","1000","3","15","2","0","2"
"people__A__40006","27000","5","5","20","5719","5719","0","243351","5590","238350","129","4823","0","350","1000","3","15","35","0","2"
"people__A__40007","27000","5","5","20","6223","6223","0","265898","6108","261393","115","4505","0","350","1000","3","15","91","2","2"
"people__A__40008","27000","5","5","13","5735","5735","0","245963","5097","209922","638","27779","0","350","1000","3","15","57","1","2"
"people__A__40009","27000","5","5","21","5241","5241","0","226073","5109","218104","132","5059","0","350","1000","3","15","4","0","2"
"people__A__40010","27000","5","5","24","5534","5534","0","235853","5420","227845","114","4881","0","350","1000","3","15","56","1","2"
"people__A__40011","27000","5","5","22","5988","5988","0","256249","5872","248505","116","5386","0","350","1000","3","15","55","1","2"
"people__A__40012","27000","5","5","21","5820","5820","0","248484","5521","231227","299","13515","0","350","1000","3","15","21","0","2"
"people__A__40013","27000","5","5","24","5127","5127","0","219879","4992","215336","135","4543","0","350","1000","3","15","1","0","2"
"people__A__40014","27000","5","5","20","6051","6051","0","258340","5205","213082","846","42738","0","350","1000","3","15","64","1","2"
"people__A__40015","27000","5","5","27","5592","5592","0","239122","5172","218362","420","17952","0","350","1000","3","15","62","1","2"
"people__A__40016","27000","5","5","32","5328","5328","0","227871","4888","205717","440","18892","0","350","1000","3","15","55","1","2"
"people__A__40017","27000","5","5","23","6091","6091","0","259575","5996","252437","95","4356","0","350","1000","3","15","39","0","2"
"people__A__40018","27000","5","5","19","6049","6049","0","257917","5930","253397","119","4520","0","350","1000","3","15","33","0","2"
"people__A__40019","27000","5","5","27","5225","5225","0","224472","4675","193915","550","23417","0","350","1000","3","15","21","0","2"
"people__A__40020","27000","5","5","20","5283","5283","0","226048","5029","215003","254","9717","0","350","1000","3","15","26","0","2"
"people__A__40021","27000","5","5","29","5173","5173","0","222220","5048","213759","125","8311","0","350","1000","3","15","2","0","2"
"people__A__40022","27000","5","5","23","5185","5185","0","222194","5062","213676","123","8043","0","350","1000","3","15","7","0","2"
"people__A__40023","27000","5","5","19","5260","5260","0","224898","5132","220111","128","4563","0","350","1000","3","15","28","0","2"
"people__A__40024","27000","5","5","22","5518","5518","0","236385","5360","230459","158","5774","0","350","1000","3","15","29","0","2"
"people__A__40025","27000","5","5","18","5430","5430","0","231270","5277","222325","153","8460","0","350","1000","3","15","3","0","2"
"people__A__40026","27000","5","5","17","6041","6041","0","259735","5821","250289","220","8733","0","350","1000","3","15","26","0","2"
"people__A__40027","27000","5","5","16","6636","6636","0","284265","6547","277147","89","7006","0","350","1000","3","15","65","1","2"
"people__A__40028","27000","5","5","20","5836","5836","0","249238","5712","240042","124","8025","0","350","1000","3","15","79","1","2"
"people__A__40029","27000","5","5","19","5325","5325","0","229834","5194","221424","131","7496","0","350","1000","3","15","12","0","2"
"people__A__40030","27000","5","5","18","5955","5955","0","253288","5823","244924","132","6305","0","350","1000","3","15","47","1","2"
"people__A__40031","27000","5","5","17","5304","5304","0","227382","5202","223435","102","3868","0","350","1000","3","15","19","0","2"
"people__B__40000","27000","5","5","14","10917","10917","0","465130","10210","430752","707","33664","0","350","1000","3","15","583","14","2"
"people__B__40001","27000","5","5","23","6400","6400","0","275067","6296","270966","104","3979","0","350","1000","3","15","119","2","2"
"people__B__40002","27000","5","5","23","10631","10631","0","451377","10439","440602","192","10711","0","350","1000","3","15","585","14","2"
"people__B__40003","27000","5","5","19","10111","10111","0","431279","9402","396820","709","32010","0","350","1000","3","15","586","14","2"
"people__B__40004","27000","5","5","15","10998","10998","0","466173","10815","455570","183","10534","0","350","1000","3","15","591","14","2"
"people__B__40005","27000","5","5","33","8660","8660","0","369120","8509","363066","151","6036","0","350","1000","3","15","398","9","2"
"people__B__40006","27000","5","5","25","8760","8760","0","375548","8609","369574","151","5974","0","350","1000","3","15","390","9","2"
"people__B__40007","27000","5","5","23","10607","10607","0","451941","10432","444870","175","7071","0","350","1000","3","15","560","14","2"
"people__B__40008","27000","5","5","18","10882","10882","0","462121","10168","427950","714","33274","0","350","1000","3","15","584","14","2"
"people__B__40009","27000","5","5","25","9961","9961","0","423915","9575","406316","386","15516","0","350","1000","3","15","539","13","2"
"people__B__40010","27000","5","5","24","10707","10707","0","454429","10523","447445","184","6984","0","350","1000","3","15","582","14","2"
"people__B__40011","27000","5","5","19","10629","10629","0","450925","10446","443294","183","7559","0","350","1000","3","15","589","14","2"
"people__B__40012","27000","5","5","14","10686","10686","0","452363","10094","423240","592","26457","0","350","1000","3","15","583","14","2"
"people__B__40013","27000","5","5","16","8743","8743","0","368928","8542","361064","201","7828","0","350","1000","3","15","582","14","2"
"people__B__40014","27000","5","5","16","10955","10718","237","456153","9771","405065","947","49537","0","350","1000","3","15","593","14","2"
"people__B__40015","27000","5","5","19","6391","6391","0","273349","6298","269561","93","3788","0","350","1000","3","15","119","2","2"
"people__B__40016","27000","5","5","28","9371","9371","0","396220","9198","389687","173","6497","0","350","1000","3","15","501","12","2"
"people__B__40017","27000","5","5","21","10723","10723","0","453442","10538","443035","185","10407","0","350","1000","3","15","592","14","2"
"people__B__40018","27000","5","5","24","9265","9265","0","393047","8399","346207","866","43064","1","350","1000","3","15","583","14","2"
"people__B__40019","27000","5","5","20","10359","10359","0","440060","9532","396167","827","39510","0","350","1000","3","15","582","14","2"
"people__B__40020","27000","5","5","19","9868","9868","0","418972","9676","408120","192","9696","0","350","1000","3","15","586","14","2"
"people__B__40021","27000","5","5","27","9022","9022","0","382615","8343","345993","679","33589","0","350","1000","3","15","593","14","2"
"people__B__40022","27000","5","5","26","10312","10312","0","440131","10135","433107","177","7024","0","350","1000","3","15","544","13","2"
"people__B__40023","27000","5","5","25","9013","9013","0","384151","8863","378448","150","5643","0","350","1000","3","15","477","11","2"
"people__B__40024","27000","5","5","17","10305","10305","0","435688","10120","425051","185","9166","0","350","1000","3","15","576","14","2"
"people__B__40025","27000","5","5","19","5917","5917","0","252339","5790","247128","127","5016","0","350","1000","3","15","89","2","2"
"people__B__40026","27000","5","5","10","10805","10805","0","457022","10614","446001","191","10655","0","350","1000","3","15","590","14","2"
"people__B__40027","27000","5","5","8","10907","10841","66","457255","9883","405899","958","49971","0","350","1000","3","15","592","14","2"
"people__B__40028","27000","5","5","28","9420","9420","0","402031","9269","396281","151","5750","0","350","1000","3","15","447","11","2"
"people__B__40029","27000","5","5","28","9911","9911","0","421478","9737","414852","174","6618","0","350","1000","3","15","589","14","2"
"people__B__40030","27000","5","5","18","10000","10000","0","425058","9818","417798","182","7260","0","350","1000","3","15","584","14","2"
"people__B__40031","27000","5","5","23","7313","7313","0","311922","7202","307613","111","4238","0","350","1000","3","15","139","3","2"
"people__C__40000","27000","5","5","22","5687","5687","0","242557","5569","238241","118","4300","0","350","1000","3","15","26","0","2"
"people__C__40001","27000","5","5","18","5553","5553","0","236767","5392","227884","161","6425","0","350","1000","3","15","44","1","2"
"people__C__40002","27000","5","5","22","9874","9874","0","420219","9698","409465","176","10092","0","350","1000","3","15","559","13","2"
"people__C__40003","27000","5","5","18","7321","7321","0","314009","6627","277448","694","30772","0","350","1000","3","15","113","2","2"
"people__C__40004","27000","5","5","16","6442","6442","0","275763","6295","270193","147","5399","0","350","1000","3","15","31","0","2"
"people__C__40005","27000","5","5","18","8111","8111","0","343371","7931","336326","180","6957","0","350","1000","3","15","500","12","2"
"people__C__40006","27000","5","5","23","5918","5918","0","252663","5776","247519","142","5104","0","350","1000","3","15","109","2","2"
"people__C__40007","27000","5","5","24","6568","6568","0","279707","6469","275832","99","3875","0","350","1000","3","15","72","1","2"
"people__C__40008","27000","5","5","16","6227","6227","0","263198","6094","257793","133","5267","0","350","1000","3","15","50","1","2"
"people__C__40009","27000","5","5","17","10502","10502","0","444936","10303","437363","199","7432","0","350","1000","3","15","534","13","2"
"people__C__40010","27000","5","5","21","9741","9741","0","414698","9546","404057","195","9839","0","350","1000","3","15","556","13","2"
"people__C__40011","27000","5","5","27","7010","7010","0","300234","6871","294737","139","5378","0","350","1000","3","15","229","5","2"
"people__C__40012","27000","5","5","24","9736","9736","0","411680","8985","375171","751","32020","0","350","1000","3","15","497","12","2"
"people__C__40013","27000","5","5","21","7108","7108","0","304011","6926","294601","182","9112","0","350","1000","3","15","75","1","2"
"people__C__40014","27000","5","5","14","10817","10132","685","432838","9161","379829","971","50147","0","350","1000","3","15","556","13","2"
"people__C__40015","27000","5","5","21","10466","10266","200","435300","9295","383962","971","45453","0","350","1000","3","15","442","11","2"
"people__C__40016","27000","5","5","21","5561","5561","0","238638","5135","217084","426","19167","0","350","1000","3","15","83","2","2"
"people__C__40017","27000","5","5","17","6762","6762","0","288805","6299","271567","463","16092","0","350","1000","3","15","36","0","2"
"people__C__40018","27000","5","5","20","5397","5397","0","229499","5102","216339","295","12677","0","350","1000","3","15","25","0","2"
"people__C__40019","27000","5","5","27","9296","9296","0","395217","8710","366804","586","25872","0","350","1000","3","15","549","13","2"
"people__C__40020","27000","5","5","18","9060","9060","0","384048","8874","377043","186","6893","0","350","1000","3","15","520","13","2"
"people__C__40021","27000","5","5","22","6271","6271","0","269192","6114","259795","157","7083","0","350","1000","3","15","473","11","2"
"people__C__40022","27000","5","5","16","5844","5844","0","249823","5722","241360","122","6628","0","350","1000","3","15","187","4","2"
"people__C__40023","27000","5","5","20","8212","8212","0","349201","8032","339639","180","9259","0","350","1000","3","15","303","7","2"
"people__C__40024","27000","5","5","29","6022","6022","0","255613","5911","251064","111","4541","0","350","1000","3","15","57","1","2"
"people__C__40025","27000","5","5","23","5890","5890","0","250290","5509","229109","381","17105","0","350","1000","3","15","67","1","2"
"people__C__40026","27000","5","5","19","6053","6053","0","258468","5934","253841","119","4627","0","350","1000","3","15","109","2","2"
"people__C__40027","27000","5","5","14","10540","10540","0","448068","10362","437755","178","9913","0","350","1000","3","15","560","14","2"
"people__C__40028","27000","5","5","26","9941","9941","0","421587","9759","410970","182","9029","0","350","1000","3","15","561","14","2"
"people__C__40029","27000","5","5","26","6795","6795","0","292400","6677","288008","118","4264","0","350","1000","3","15","104","2","2"
"people__C__40030","27000","5","5","21","8357","8357","0","353406","8192","346985","165","6381","0","350","1000","3","15","275","6","2"
"people__C__40031","27000","5","5","20","6903","6903","0","295617","6722","285702","181","9110","0","350","1000","3","15","496","12","2"
"random__A__40000","27000","5","5","22","5316","5316","0","227010","5176","218149","140","7463","0","350","1000","3","15","14","0","2"
"random__A__40001","27000","5","5","22","5951","5951","0","254064","5761","247678","190","6386","0","350","1000","3","15","43","1","2"
"random__A__40002","27000","5","5","19","6577","6577","0","282112","6206","267754","371","13573","0","350","1000","3","15","13","0","2"
"random__A__40003","27000","5","5","25","5391","5391","0","233839","5297","230107","94","3659","0","350","1000","3","15","72","1","2"
"random__A__40004","27000","5","5","23","5670","5670","0","243185","5469","233341","201","9462","0","350","1000","3","15","35","0","2"
"random__A__40005","27000","5","5","33","5172","5172","0","218526","4965","208827","207","9165","0","350","1000","3","15","21","0","2"
"random__A__40006","27000","5","5","24","6134","6134","0","261582","6041","257759","93","3716","0","350","1000","3","15","58","1","2"
"random__A__40007","27000","5","5","28","5726","5726","0","243482","5618","239356","108","4126","0","350","1000","3","15","30","0","2"
"random__A__40008","27000","5","5","25","5305","5305","0","226166","4645","189759","660","31358","0","350","1000","3","15","39","0","2"
"random__A__40009","27000","5","5","22","5873","5873","0","250878","5750","246199","123","4679","0","350","1000","3","15","72","1","2"
"random__A__40010","27000","5","5","25","9509","9509","0","403484","9325","395947","184","7467","0","350","1000","3","15","531","13","2"
"random__A__40011","27000","5","5","18","5363","5363","0","229690","5083","217282","280","12295","0","350","1000","3","15","24","0","2"
"random__A__40012","27000","5","5","20","6484","6484","0","276871","6234","262347","250","11904","0","350","1000","3","15","35","0","2"
"random__A__40013","27000","5","5","23","5127","5127","0","220786","4881","210583","246","9714","0","350","1000","3","15","14","0","2"
"random__A__40014","27000","5","5","12","5915","5915","0","252925","5229","218984","686","28743","0","350","1000","3","15","29","0","2"
"random__A__40015","27000","5","5","18","5726","5726","0","245213","5534","239350","192","5792","0","350","1000","3","15","17","0","2"
"random__A__40016","27000","5","5","24","6018","6018","0","256471","5532","235971","486","18752","0","350","1000","3","15","23","0","2"
"random__A__40017","27000","5","5","22","6050","6050","0","257231","5887","248183","163","9048","0","350","1000","3","15","26","0","2"
"random__A__40018","27000","5","5","20","5863","5863","0","248897","5721","240008","142","8650","0","350","1000","3","15","14","0","2"
"random__A__40019","27000","5","5","23","5239","5239","0","224167","4703","194152","536","22028","0","350","1000","3","15","35","0","2"
"random__A__40020","27000","5","5","25","6429","6429","0","274588","6317","266763","112","5428","0","350","1000","3","15","29","0","2"
"random__A__40021","27000","5","5","29","5173","5173","0","222220","5048","213759","125","8311","0","350","1000","3","15","2","0","2"
"random__A__40022","27000","5","5","20","5851","5851","0","250469","5645","239697","206","10488","0","350","1000","3","15","17","0","2"
"random__A__40023","27000","5","5","21","5218","5218","0","225200","5114","217453","104","5830","0","350","1000","3","15","7","0","2"
"random__A__40024","27000","5","5","23","5520","5520","0","236360","5355","230278","165","6030","0","350","1000","3","15","37","0","2"
"random__A__40025","27000","5","5","19","5791","5791","0","248702","5421","235264","370","12931","0","350","1000","3","15","35","0","2"
"random__A__40026","27000","5","5","24","6181","6181","0","266392","6034","257980","147","8412","0","350","1000","3","15","27","0","2"
"random__A__40027","27000","5","5","18","5436","5436","0","233037","5304","224521","132","7370","0","350","1000","3","15","5","0","2"
"random__A__40028","27000","5","5","22","6120","6120","0","260665","5284","219691","836","33827","0","350","1000","3","15","17","0","2"
"random__A__40029","27000","5","5","22","5806","5806","0","249478","5704","241713","102","4430","0","350","1000","3","15","32","0","2"
"random__A__40030","27000","5","5","24","5637","5637","0","240140","5512","235507","125","4633","0","350","1000","3","15","40","1","2"
"random__A__40031","27000","5","5","31","5241","5241","0","225223","5127","220854","114","4313","0","350","1000","3","15","28","0","2"
"random__B__40000","27000","5","5","18","10667","10667","0","452106","10463","440278","204","11741","0","350","1000","3","15","591","14","2"
"random__B__40001","27000","5","5","17","10936","10936","0","464494","10754","457708","182","6671","0","350","1000","3","15","582","14","2"
"random__B__40002","27000","5","5","18","10869","10869","0","462082","10682","451261","187","7653","0","350","1000","3","15","584","14","2"
"random__B__40003","27000","5","5","27","10595","10595","0","450317","9840","409275","755","36079","0","350","1000","3","15","587","14","2"
"random__B__40004","27000","5","5","27","10994","10994","0","466630","10801","455911","193","10687","0","350","1000","3","15","586","14","2"
"random__B__40005","27000","5","5","25","5827","5827","0","247134","5717","243115","110","4019","0","350","1000","3","15","74","1","2"
"random__B__40006","27000","5","5","22","9674","9674","0","411094","9498","404072","176","7022","0","350","1000","3","15","585","14","2"
"random__B__40007","27000","5","5","28","10058","10058","0","426507","9863","415808","195","10699","0","350","1000","3","15","587","14","2"
"random__B__40008","27000","5","5","33","10638","10638","0","451911","10469","441522","169","10005","0","350","1000","3","15","586","14","2"
"random__B__40009","27000","5","5","30","9583","9583","0","405677","9397","398737","186","6940","0","350","1000","3","15","568","14","2"
"random__B__40010","27000","5","5","25","9509","9509","0","403484","9325","395947","184","7467","0","350","1000","3","15","531","13","2"
"random__B__40011","27000","5","5","25","10566","10566","0","448317","10376","440853","190","7464","0","350","1000","3","15","586","14","2"
"random__B__40012","27000","5","5","25","10766","10766","0","455332","10164","425890","602","25935","0","350","1000","3","15","579","14","2"
"random__B__40013","27000","5","5","27","10374","10374","0","439227","10199","432610","175","6617","0","350","1000","3","15","586","14","2"
"random__B__40014","27000","5","5","10","10913","10913","0","462530","10207","428157","706","32973","0","350","1000","3","15","559","13","2"
"random__B__40015","27000","5","5","30","9955","9955","0","422414","9784","415514","171","6838","0","350","1000","3","15","570","14","2"
"random__B__40016","27000","5","5","31","10873","10873","0","464518","9988","419913","885","38463","0","350","1000","3","15","575","14","2"
"random__B__40017","27000","5","5","33","10836","10836","0","461258","10662","450774","174","10484","0","350","1000","3","15","586","14","2"
"random__B__40018","27000","5","5","32","10418","10418","0","441424","10234","434360","184","7000","0","350","1000","3","15","583","14","2"
"random__B__40019","27000","5","5","22","9288","9288","0","393996","8463","353070","825","34382","0","350","1000","3","15","572","14","2"
"random__B__40020","27000","5","5","27","10772","10772","0","461421","10599","454668","173","6574","0","350","1000","3","15","579","14","2"
"random__B__40021","27000","5","5","23","6159","6159","0","264133","5642","238348","517","22194","0","350","1000","3","15","141","3","2"
"random__B__40022","27000","5","5","18","10854","10854","0","460662","10571","445971","283","14239","0","350","1000","3","15","567","14","2"
"random__B__40023","27000","5","5","22","10321","10321","0","437839","10021","423390","300","14425","0","350","1000","3","15","587","14","2"
"random__B__40024","27000","5","5","28","10898","10898","0","463718","10710","456123","188","7483","0","350","1000","3","15","587","14","2"
"random__B__40025","27000","5","5","18","10351","10351","0","438371","9749","408076","602","29729","0","350","1000","3","15","577","14","2"
"random__B__40026","27000","5","5","18","10539","10539","0","449586","10358","439005","181","10581","0","350","1000","3","15","591","14","2"
"random__B__40027","27000","5","5","15","10569","10569","0","449908","10388","439538","181","9612","0","350","1000","3","15","589","14","2"
"random__B__40028","27000","5","5","19","9332","9332","0","397376","8578","359043","754","33117","0","350","1000","3","15","443","11","2"
"random__B__40029","27000","5","5","29","10649","10649","0","451922","10459","444739","190","7183","0","350","1000","3","15","576","14","2"
"random__B__40030","27000","5","5","22","10035","10035","0","427926","9853","417231","182","10657","0","350","1000","3","15","587","14","2"
"random__B__40031","27000","5","5","22","10207","10207","0","434156","10043","424481","164","9611","0","350","1000","3","15","591","14","2"
"random__C__40000","27000","5","5","20","9973","9973","0","422194","9786","414640","187","7530","0","350","1000","3","15","566","14","2"
"random__C__40001","27000","5","5","25","9434","9434","0","398317","9221","390494","213","7783","0","350","1000","3","15","541","13","2"
"random__C__40002","27000","5","5","20","10290","10290","0","436376","10108","429197","182","6979","0","350","1000","3","15","530","13","2"
"random__C__40003","27000","5","5","22","10436","10436","0","444720","9580","398324","856","39757","0","350","1000","3","15","550","13","2"
"random__C__40004","27000","5","5","19","7546","7546","0","322695","7416","317628","130","4955","0","350","1000","3","15","294","7","2"
"random__C__40005","27000","5","5","31","7188","7188","0","304727","7008","297911","180","6689","0","350","1000","3","15","504","12","2"
"random__C__40006","27000","5","5","30","8615","8615","0","366524","8439","360057","176","6427","0","350","1000","3","15","559","13","2"
"random__C__40007","27000","5","5","30","9045","9045","0","383329","8879","376923","166","6366","0","350","1000","3","15","447","11","2"
"random__C__40008","27000","5","5","21","5507","5507","0","235634","5407","231647","100","3835","0","350","1000","3","15","37","0","2"
"random__C__40009","27000","5","5","19","10199","10199","0","431405","10021","420955","178","8306","0","350","1000","3","15","526","13","2"
"random__C__40010","27000","5","5","25","9509","9509","0","403484","9325","395947","184","7467","0","350","1000","3","15","531","13","2"
"random__C__40011","27000","5","5","24","7620","7620","0","325608","7485","320135","135","5385","0","350","1000","3","15","286","7","2"
"random__C__40012","27000","5","5","26","9247","9247","0","391148","8547","354104","700","30826","0","350","1000","3","15","539","13","2"
"random__C__40013","27000","5","5","27","9643","9643","0","409900","9451","399445","192","9999","0","350","1000","3","15","498","12","2"
"random__C__40014","27000","5","5","19","9404","9404","0","398680","8597","355453","807","35046","0","350","1000","3","15","424","10","2"
"random__C__40015","27000","5","5","26","8950","8950","0","382017","8799","372648","151","9289","0","350","1000","3","15","494","12","2"
"random__C__40016","27000","5","5","34","10009","10009","0","425308","9315","391906","694","30843","0","350","1000","3","15","529","13","2"
"random__C__40017","27000","5","5","27","10436","10436","0","441998","10229","430457","207","11445","0","350","1000","3","15","430","10","2"
"random__C__40018","27000","5","5","22","7465","7465","0","317191","7325","308293","140","7970","0","350","1000","3","15","440","11","2"
"random__C__40019","27000","5","5","22","10085","10085","0","429473","9369","394385","716","31653","0","350","1000","3","15","562","14","2"
"random__C__40020","27000","5","5","26","6922","6922","0","295575","6796","291002","126","4573","0","350","1000","3","15","37","0","2"
"random__C__40021","27000","5","5","22","5374","5374","0","230341","5226","221273","148","8071","0","350","1000","3","15","6","0","2"
"random__C__40022","27000","5","5","32","9148","9148","0","391277","8940","379641","208","10339","0","350","1000","3","15","550","13","2"
"random__C__40023","27000","5","5","19","5450","5450","0","233650","5103","221441","347","11144","0","350","1000","3","15","14","0","2"
"random__C__40024","27000","5","5","27","5554","5554","0","234903","5381","225394","173","9156","0","350","1000","3","15","121","3","2"
"random__C__40025","27000","5","5","21","8599","8599","0","366312","7805","324661","794","40254","0","350","1000","3","15","471","11","2"
"random__C__40026","27000","5","5","30","10100","10100","0","431396","9943","421748","157","8752","0","350","1000","3","15","564","14","2"
"random__C__40027","27000","5","5","30","7908","7908","0","336514","7755","327524","153","8283","0","350","1000","3","15","89","2","2"
"random__C__40028","27000","5","5","25","7645","7645","0","326706","6866","283351","779","34596","0","350","1000","3","15","380","9","2"
"random__C__40029","27000","5","5","25","9737","9737","0","414309","9571","407536","166","6773","0","350","1000","3","15","450","11","2"
"random__C__40030","27000","5","5","31","9786","9786","0","416388","9603","405435","183","9254","0","350","1000","3","15","571","14","2"
"random__C__40031","27000","5","5","22","5730","5730","0","244808","5627","240738","103","4030","0","350","1000","3","15","55","1","2"
"weapon__A__40000","27000","5","5","23","5206","5206","0","222730","5088","217596","118","4804","0","350","1000","3","15","19","0","2"
"weapon__A__40001","27000","5","5","20","5256","5256","0","225319","5152","217574","104","6911","0","350","1000","3","15","6","0","2"
"weapon__A__40002","27000","5","5","14","6287","6287","0","268952","6173","260928","114","4858","0","350","1000","3","15","56","1","2"
"weapon__A__40003","27000","5","5","24","5371","5371","0","231680","5237","226743","134","4680","0","350","1000","3","15","16","0","2"
"weapon__A__40004","27000","5","5","26","5474","5474","0","235606","5350","227245","124","5481","0","350","1000","3","15","22","0","2"
"weapon__A__40005","27000","5","5","27","5596","5596","0","236706","5280","224506","316","11986","0","350","1000","3","15","16","0","2"
"weapon__A__40006","27000","5","5","27","5763","5763","0","244744","5477","233502","286","11136","0","350","1000","3","15","32","0","2"
"weapon__A__40007","27000","5","5","31","7619","7619","0","322814","7416","313002","203","6586","0","350","1000","3","15","25","0","2"
"weapon__A__40008","27000","5","5","25","5448","5448","0","232973","5325","224661","123","5105","0","350","1000","3","15","40","1","2"
"weapon__A__40009","27000","5","5","24","5275","5275","0","226164","4634","191024","641","26907","0","350","1000","3","15","10","0","2"
"weapon__A__40010","27000","5","5","29","6300","6300","0","266412","5986","253773","314","12469","0","350","1000","3","15","24","0","2"
"weapon__A__40011","27000","5","5","25","5363","5363","0","229379","5247","221207","116","7595","0","350","1000","3","15","4","0","2"
"weapon__A__40012","27000","5","5","21","5386","5386","0","229881","5226","221150","160","7965","0","350","1000","3","15","16","0","2"
"weapon__A__40013","27000","5","5","22","5462","5462","0","234953","5336","226825","126","8056","0","350","1000","3","15","7","0","2"
"weapon__A__40014","27000","5","5","23","5656","5656","0","243218","4914","200703","742","29275","0","350","1000","3","15","37","0","2"
"weapon__A__40015","27000","5","5","23","5975","5975","0","255229","5860","250855","115","4374","0","350","1000","3","15","42","1","2"
"weapon__A__40016","27000","5","5","22","6557","6557","0","278637","6450","274506","107","3946","0","350","1000","3","15","32","0","2"
"weapon__A__40017","27000","5","5","28","6037","6037","0","258172","5870","252393","167","5779","0","350","1000","3","15","58","1","2"
"weapon__A__40018","27000","5","5","24","6199","6199","0","264487","6082","259683","117","4662","0","350","1000","3","15","123","3","2"
"weapon__A__40019","27000","5","5","33","5559","5559","0","238815","5081","211146","478","19566","0","350","1000","3","15","21","0","2"
"weapon__A__40020","27000","5","5","33","6298","6298","0","268912","6191","261043","107","7488","0","350","1000","3","15","37","0","2"
"weapon__A__40021","27000","5","5","28","5168","5168","0","220852","5065","216619","103","4176","0","350","1000","3","15","10","0","2"
"weapon__A__40022","27000","5","5","22","5337","5337","0","227309","4790","196565","547","23623","0","350","1000","3","15","18","0","2"
"weapon__A__40023","27000","5","5","31","7935","7935","0","338683","7773","329805","162","6227","0","350","1000","3","15","42","1","2"
"weapon__A__40024","27000","5","5","28","5374","5374","0","228648","5268","221026","106","6457","0","350","1000","3","15","28","0","2"
"weapon__A__40025","27000","5","5","21","5442","5442","0","231708","4818","195778","624","26430","0","350","1000","3","15","11","0","2"
"weapon__A__40026","27000","5","5","30","5706","5706","0","245466","5136","213071","570","28214","0","350","1000","3","15","16","0","2"
"weapon__A__40027","27000","5","5","32","5463","5463","0","233346","5353","228999","110","4273","0","350","1000","3","15","40","1","2"
"weapon__A__40028","27000","5","5","29","6368","6368","0","272925","5807","241674","561","25124","0","350","1000","3","15","55","1","2"
"weapon__A__40029","27000","5","5","43","6032","6032","0","260223","5906","255499","126","4724","0","350","1000","3","15","8","0","2"
"weapon__A__40030","27000","5","5","21","5228","5228","0","223828","5119","215986","109","5764","0","350","1000","3","15","6","0","2"
"weapon__A__40031","27000","5","5","25","5595","5595","0","239970","5492","236078","103","3892","0","350","1000","3","15","54","1","2"
"weapon__B__40000","27000","5","5","24","10077","10077","0","427574","9897","420526","180","7040","0","350","1000","3","15","583","14","2"
"weapon__B__40001","27000","5","5","21","7309","7309","0","310552","7185","305726","124","4764","0","350","1000","3","15","112","2","2"
"weapon__B__40002","27000","5","5","24","10351","10351","0","441318","10157","433697","194","7589","0","350","1000","3","15","583","14","2"
"weapon__B__40003","27000","5","5","23","10314","10314","0","438527","10103","429932","211","8201","0","350","1000","3","15","583","14","2"
"weapon__B__40004","27000","5","5","31","8915","8915","0","377721","8730","366881","185","7623","0","350","1000","3","15","584","14","2"
"weapon__B__40005","27000","5","5","30","10620","10620","0","448653","10439","441612","181","6873","0","350","1000","3","15","575","14","2"
"weapon__B__40006","27000","5","5","31","10581","10581","0","448199","10388","440449","193","7506","0","350","1000","3","15","583","14","2"
"weapon__B__40007","27000","5","5","33","10167","10167","0","431721","9936","419536","231","12016","0","350","1000","3","15","582","14","2"
"weapon__B__40008","27000","5","5","30","10590","10590","0","453092","10408","442450","182","10573","0","350","1000","3","15","589","14","2"
"weapon__B__40009","27000","5","5","33","10811","10811","0","459408","10064","422341","747","34064","0","350","1000","3","15","567","14","2"
"weapon__B__40010","27000","5","5","37","10686","10686","0","453151","10515","443039","171","10041","0","350","1000","3","15","590","14","2"
"weapon__B__40011","27000","5","5","34","10756","10756","0","456658","10589","446473","167","10145","0","350","1000","3","15","589","14","2"
"weapon__B__40012","27000","5","5","32","9569","9569","0","403664","9383","393130","186","8363","0","350","1000","3","15","533","13","2"
"weapon__B__40013","27000","5","5","32","8545","8545","0","363980","8415","359165","130","4751","0","350","1000","3","15","414","10","2"
"weapon__B__40014","27000","5","5","30","9179","9179","0","390172","8270","344879","909","37649","0","350","1000","3","15","519","12","2"
"weapon__B__40015","27000","5","5","24","10315","10315","0","437600","10133","430797","182","6803","0","350","1000","3","15","578","14","2"
"weapon__B__40016","27000","5","5","33","10772","10772","0","458155","10568","450144","204","8011","0","350","1000","3","15","578","14","2"
"weapon__B__40017","27000","5","5","31","10781","10781","0","457183","10604","446784","177","10399","0","350","1000","3","15","592","14","2"
"weapon__B__40018","27000","5","5","29","8887","8887","0","375926","8737","370250","150","5676","0","350","1000","3","15","399","9","2"
"weapon__B__40019","27000","5","5","36","10183","10183","0","433551","9299","385345","884","41720","0","350","1000","3","15","583","14","2"
"weapon__B__40020","27000","5","5","32","10843","10843","0","461724","10667","451612","176","10112","0","350","1000","3","15","592","14","2"
"weapon__B__40021","27000","5","5","33","6878","6878","0","294372","6759","289465","119","4907","0","350","1000","3","15","343","8","2"
"weapon__B__40022","27000","5","5","24","6966","6966","0","297061","6400","269094","566","22508","0","350","1000","3","15","121","3","2"
"weapon__B__40023","27000","5","5","36","10237","10237","0","432883","10071","426233","166","6650","0","350","1000","3","15","576","14","2"
"weapon__B__40024","27000","5","5","25","8919","8919","0","378302","8066","333314","853","34480","0","350","1000","3","15","561","14","2"
"weapon__B__40025","27000","5","5","21","10428","10428","0","440759","9681","403301","747","33551","0","350","1000","3","15","584","14","2"
"weapon__B__40026","27000","5","5","30","8406","8406","0","358721","7646","317383","760","35472","0","350","1000","3","15","549","13","2"
"weapon__B__40027","27000","5","5","28","10833","10833","0","457807","10643","450364","190","7234","0","350","1000","3","15","584","14","2"
"weapon__B__40028","27000","5","5","27","10914","10893","21","463015","9939","415279","954","46394","0","350","1000","3","15","549","13","2"
"weapon__B__40029","27000","5","5","48","8507","8507","0","361716","8392","357094","115","4622","0","350","1000","3","15","428","10","2"
"weapon__B__40030","27000","5","5","18","5924","5924","0","251991","5801","247531","123","4344","0","350","1000","3","15","167","4","2"
"weapon__B__40031","27000","5","5","25","5595","5595","0","239970","5492","236078","103","3892","0","350","1000","3","15","54","1","2"
"weapon__C__40000","27000","5","5","22","5593","5593","0","238600","5060","209393","533","24274","0","350","1000","3","15","61","1","2"
"weapon__C__40001","27000","5","5","28","5776","5776","0","246513","5659","241921","117","4523","0","350","1000","3","15","57","1","2"
"weapon__C__40002","27000","5","5","29","9945","9945","0","424333","9760","416950","185","7250","0","350","1000","3","15","467","11","2"
"weapon__C__40003","27000","5","5","20","8710","8710","0","372035","8522","360823","188","9478","0","350","1000","3","15","396","9","2"
"weapon__C__40004","27000","5","5","33","8866","8866","0","379772","8659","368421","207","11082","0","350","1000","3","15","466","11","2"
"weapon__C__40005","27000","5","5","21","6183","6183","0","260506","6067","252598","116","5290","0","350","1000","3","15","96","2","2"
"weapon__C__40006","27000","5","5","26","6649","6649","0","283687","6513","275059","136","7062","0","350","1000","3","15","105","2","2"
"weapon__C__40007","27000","5","5","32","10037","10037","0","425309","9850","414641","187","10450","0","350","1000","3","15","559","13","2"
"weapon__C__40008","27000","5","5","31","7568","7568","0","320297","7395","310004","173","6719","0","350","1000","3","15","523","13","2"
"weapon__C__40009","27000","5","5","24","6306","6306","0","269218","5773","240107","533","22446","0","350","1000","3","15","380","9","2"
"weapon__C__40010","27000","5","5","32","9961","9961","0","422474","9798","412123","163","9981","0","350","1000","3","15","540","13","2"
"weapon__C__40011","27000","5","5","27","5807","5807","0","246855","5674","241883","133","4803","0","350","1000","3","15","65","1","2"
"weapon__C__40012","27000","5","5","25","9976","9976","0","421866","9822","415913","154","5937","0","350","1000","3","15","310","7","2"
"weapon__C__40013","27000","5","5","26","6395","6395","0","271154","6267","266172","128","4982","0","350","1000","3","15","174","4","2"
"weapon__C__40014","27000","5","5","28","6378","6378","0","271475","5748","236884","630","28500","0","350","1000","3","15","46","1","2"
"weapon__C__40015","27000","5","5","23","6169","6169","0","263776","6053","258930","116","4782","0","350","1000","3","15","99","2","2"
"weapon__C__40016","27000","5","5","29","9301","9301","0","395338","9119","388356","182","6886","0","350","1000","3","15","487","12","2"
"weapon__C__40017","27000","5","5","28","10271","10271","0","433269","10103","427089","168","6180","0","350","1000","3","15","570","14","2"
"weapon__C__40018","27000","5","5","39","8993","8993","0","381628","8805","374692","188","6928","0","350","1000","3","15","514","12","2"
"weapon__C__40019","27000","5","5","33","6295","6295","0","269878","5841","247099","454","19372","0","350","1000","3","15","118","2","2"
"weapon__C__40020","27000","5","5","28","8451","8451","0","361675","8309","353081","142","6292","0","350","1000","3","15","210","5","2"
"weapon__C__40021","27000","5","5","20","5870","5870","0","251594","5733","246367","137","5161","0","350","1000","3","15","139","3","2"
"weapon__C__40022","27000","5","5","32","9395","9395","0","398213","8502","351183","893","39655","0","350","1000","3","15","551","13","2"
"weapon__C__40023","27000","5","5","34","9695","9695","0","412482","9511","405285","184","7084","0","350","1000","3","15","555","13","2"
"weapon__C__40024","27000","5","5","30","8269","8269","0","352209","8080","344883","189","7182","0","350","1000","3","15","554","13","2"
"weapon__C__40025","27000","5","5","27","7034","7034","0","298706","6432","265931","602","26761","0","350","1000","3","15","416","10","2"
"weapon__C__40026","27000","5","5","33","6657","6657","0","282834","6450","274229","207","7941","0","350","1000","3","15","174","4","2"
"weapon__C__40027","27000","5","5","30","7909","7909","0","336141","7734","325993","175","6719","0","350","1000","3","15","490","12","2"
"weapon__C__40028","27000","5","5","30","10327","10327","0","440620","9418","391541","909","43383","0","350","1000","3","15","516","12","2"
"weapon__C__40029","27000","5","5","39","6620","6620","0","283853","6520","280133","100","3696","0","350","1000","3","15","121","3","2"
"weapon__C__40030","27000","5","5","20","6170","6170","0","264112","6039","259058","131","4893","0","350","1000","3","15","230","5","2"
"weapon__C__40031","27000","5","5","25","5595","5595","0","239970","5492","236078","103","3892","0","350","1000","3","15","54","1","2"
