"policy","peopleRule","movementMode","caseCount","allFinalLevelMedian","allFinalLevelMin","allFinalLevelMax","fullDurationSurvivors","survivorLevelMin","survivorLevelMedian","survivorLevelMax","targetPass"
"random","A","circuit","32","29","23","39","13","28","30","34","true"
"random","A","harvest","32","29.5","28","31","32","28","29.5","31","true"
"random","A","evade","32","26","9","30","18","26","27.5","30","true"
"random","B","circuit","32","37","23","45","17","34","42","45","true"
"random","B","harvest","32","31","29","33","30","30","31","33","true"
"random","B","evade","32","18","9","44","9","30","35","44","true"
"random","C","circuit","32","35","23","43","18","29","37","43","true"
"random","C","harvest","32","31","29","34","32","29","31","34","true"
"random","C","evade","32","22","9","35","12","29","31.5","35","true"
