"caseId","policy","peopleRule","seed","repeatCount","ticks","survived","endReason","deathCause","level","season","hash","randomDraws","weaponDamage","toolActivationDamage","toolGrowthDamage","allyDamage","killExperience","harvestExperience","taxExperience","foodFinal","estateTicks","spawnedEnemies","harvests","ruins","rebuilds","peasants","militia","vassals","equipmentIdsJson","charterIdsJson","charterRanksJson","itemStacksJson","evolutionIdsJson","evolutionActivationsJson","toolGrowthByTargetJson","sourceResultsPath","sourceResultsSha256","sourceMetricsPath","sourceMetricsSha256"
"weapon__A__42","weapon","A","42","3","900","true","fixture-duration","","5","0","4BA4C83F44050B7B606A2929164BB86D15E270FAEED6BD80A80AC27E49548938","202","130","99","0","99","44","240","0","122","900","41","16","0","0","9","0","1","[""core:harvest_scythe"",""core:iron_blade"",""core:seed_bag""]","[""core:repair_tithe""]","{""core:repair_tithe"":1}","{""core:wind_seed_flag"":1}","[""core:sowing_sworddance""]","[{""tick"":0,""evolutionId"":""core:sowing_sworddance"",""baseId"":""core:iron_blade""}]","{""core:seed_bag"":{""land"":31}}","raw/weapon__A__42.results.json","e25ac7b34884f319a663e163c097f26eb0a44dfdead04b1b4c5098743374ec7b","raw/weapon__A__42.metrics.json","f35ba01a1073e33d21fa10660021250562503c8246dd3642beb4784957eccb84"
"weapon__A__43","weapon","A","43","3","900","true","fixture-duration","","4","0","18B75D97FD1AB14550B4948C31B17D9CF0748F4ED7C1EF0BEF1148671457BA1E","193","117","151","0","118","48","135","0","101","900","40","9","0","0","9","0","1","[""core:iron_blade"",""core:ward_orbit"",""core:seed_bag""]","[]","{}","{""core:meadow_buckle"":1}","[""core:sowing_sworddance""]","[{""tick"":0,""evolutionId"":""core:sowing_sworddance"",""baseId"":""core:iron_blade""}]","{""core:seed_bag"":{""land"":26}}","raw/weapon__A__43.results.json","13a665fb8b8706f49ff8cb37cd8bf8701fa32b17a23173b443efd2a6379e97dd","raw/weapon__A__43.metrics.json","a75c8083517c48bce085378b50952378e4c7d9f583da6440b0cbd3498da9197f"
"weapon__A__44","weapon","A","44","3","900","true","fixture-duration","","5","0","3990262B6ECC7D583AEA474EDAEDBD232C600A5B022F02EC949C6358C9FD967B","201","105","83","0","61","46","195","0","113","900","41","13","0","0","9","0","1","[""core:iron_blade"",""core:ward_orbit"",""core:seed_bag""]","[""core:repair_tithe""]","{""core:repair_tithe"":2}","{""core:root_binding_cord"":1}","[""core:sowing_sworddance""]","[{""tick"":0,""evolutionId"":""core:sowing_sworddance"",""baseId"":""core:iron_blade""}]","{""core:seed_bag"":{""land"":25}}","raw/weapon__A__44.results.json","b99c7d37f159043d0966dbdfd6ae46136d86e80ad280fd137f056b342f662c77","raw/weapon__A__44.metrics.json","9fd28e5a90169b6b64fafca33668edf96f25b49a00b062218a73d4c5cde2f425"
"weapon__B__42","weapon","B","42","3","900","true","fixture-duration","","5","0","58B6323DD559F65BC906BFFF283229C916D26014320D046814BCFD1C14B9B1DA","202","130","99","0","99","44","240","0","122","900","41","16","0","0","9","0","1","[""core:harvest_scythe"",""core:iron_blade"",""core:seed_bag""]","[""core:repair_tithe""]","{""core:repair_tithe"":1}","{""core:wind_seed_flag"":1}","[""core:sowing_sworddance""]","[{""tick"":0,""evolutionId"":""core:sowing_sworddance"",""baseId"":""core:iron_blade""}]","{""core:seed_bag"":{""land"":31}}","raw/weapon__B__42.results.json","5bfbab02dd90f36d4626ac65c60d0d01dbcfc3637be10f60d2e7d82ee1a6e2de","raw/weapon__B__42.metrics.json","2a03eaa4fe7587b4dc937a107c2e9660c76bc0e87387322015b6bd9c446cdac1"
"weapon__B__43","weapon","B","43","3","900","true","fixture-duration","","4","0","95961E17887C07C3BE5D17AA5466563057A35C6E09E7FEAC9D5AC8B38995D293","193","117","151","0","118","48","135","0","101","900","40","9","0","0","9","0","1","[""core:iron_blade"",""core:ward_orbit"",""core:seed_bag""]","[]","{}","{""core:meadow_buckle"":1}","[""core:sowing_sworddance""]","[{""tick"":0,""evolutionId"":""core:sowing_sworddance"",""baseId"":""core:iron_blade""}]","{""core:seed_bag"":{""land"":26}}","raw/weapon__B__43.results.json","09fc8148efb8f73fb1f2195d60abc1a8b1550b7b9e24c75f036b486b1e4e152e","raw/weapon__B__43.metrics.json","68cd1ab7a8707052923a2eab7c0645b486c8d4a7bd4966f3bb8f7fe6fb0c3bb5"
"weapon__B__44","weapon","B","44","3","900","true","fixture-duration","","5","0","E07EE0ED51F6C04E3DCAAB1E21A771EE630D93DCECB192B3B4B782ADA5CBA28F","201","105","83","0","61","46","195","0","113","900","41","13","0","0","9","0","1","[""core:iron_blade"",""core:ward_orbit"",""core:seed_bag""]","[""core:repair_tithe""]","{""core:repair_tithe"":2}","{""core:root_binding_cord"":1}","[""core:sowing_sworddance""]","[{""tick"":0,""evolutionId"":""core:sowing_sworddance"",""baseId"":""core:iron_blade""}]","{""core:seed_bag"":{""land"":25}}","raw/weapon__B__44.results.json","f0e82deab44724b88948f450654a11335e95471613fbd4025e92cc84390cc836","raw/weapon__B__44.metrics.json","c8dfaddddbaf93772d18cf6910c83cfad3b24b09d1cf2be1c346a5554b0204e2"
"weapon__C__42","weapon","C","42","3","900","true","fixture-duration","","5","0","96E4F58FDD6C9AB6A706FEF3112EA9F87AF7BC1D2883D0399A9795142738E0DB","202","130","99","0","99","44","240","0","122","900","41","16","0","0","9","0","1","[""core:harvest_scythe"",""core:iron_blade"",""core:seed_bag""]","[""core:repair_tithe""]","{""core:repair_tithe"":1}","{""core:wind_seed_flag"":1}","[""core:sowing_sworddance""]","[{""tick"":0,""evolutionId"":""core:sowing_sworddance"",""baseId"":""core:iron_blade""}]","{""core:seed_bag"":{""land"":31}}","raw/weapon__C__42.results.json","42ba4d7378a26458aeba27126b133f4da74ea7c6e1ae2558af9499472e4db8e4","raw/weapon__C__42.metrics.json","593eef3a0b493bd8e80bf9ff286d4a2c9d679e851fca6a5e3dfb0512a687d66d"
"weapon__C__43","weapon","C","43","3","900","true","fixture-duration","","4","0","E270BFDF917C811C3959489E5B6B16976B05C1E4E8EEECE36B66BE5F7B106324","193","117","151","0","118","48","135","0","101","900","40","9","0","0","9","0","1","[""core:iron_blade"",""core:ward_orbit"",""core:seed_bag""]","[]","{}","{""core:meadow_buckle"":1}","[""core:sowing_sworddance""]","[{""tick"":0,""evolutionId"":""core:sowing_sworddance"",""baseId"":""core:iron_blade""}]","{""core:seed_bag"":{""land"":26}}","raw/weapon__C__43.results.json","c41edfabea3a0e2ff7db78700f9b89707f92278e374222327c62b264ae317aa4","raw/weapon__C__43.metrics.json","3d977f9b7e75300dd601b750f1bf20873017e8f736ef63054a9aba8772064cf3"
"weapon__C__44","weapon","C","44","3","900","true","fixture-duration","","5","0","81B50E3EBF9231D4334A1B6B928A556804D209D7113382BAECF0310EFAD699CB","201","105","83","0","61","46","195","0","113","900","41","13","0","0","9","0","1","[""core:iron_blade"",""core:ward_orbit"",""core:seed_bag""]","[""core:repair_tithe""]","{""core:repair_tithe"":2}","{""core:root_binding_cord"":1}","[""core:sowing_sworddance""]","[{""tick"":0,""evolutionId"":""core:sowing_sworddance"",""baseId"":""core:iron_blade""}]","{""core:seed_bag"":{""land"":25}}","raw/weapon__C__44.results.json","54ad5c65dfbd038bfa2019b84193012b4e35026c1555a843d2be5a26c1207a97","raw/weapon__C__44.metrics.json","db9b49974baa1926e8a64797b78632a25ba4ef0243b7427b82cb357dae87a280"
"land__A__42","land","A","42","3","900","true","fixture-duration","","5","0","9BAF9735A2691461C42F5316F1858A71C09D07A772B7DD839FF25DDD3FA83512","188","20","467","55","8","80","135","0","99","900","40","9","0","0","0","20","1","[""core:harvest_scythe"",""core:iron_blade"",""core:ward_orbit"",""core:muster_horn"",""core:seed_bag""]","[]","{}","{""core:wind_seed_flag"":1}","[""core:sowing_sworddance""]","[{""tick"":0,""evolutionId"":""core:sowing_sworddance"",""baseId"":""core:iron_blade""}]","{""core:muster_horn"":{""people"":20},""core:seed_bag"":{""land"":11}}","raw/land__A__42.results.json","7a206b9717d23c6769bc7c178f3a2c07a7b02f0924551ab4423449e239fd94b6","raw/land__A__42.metrics.json","afae91d6deb370f4a81fd44c2f2439e6f13aaa10b0841c2647fda97d229be589"
"land__A__43","land","A","43","3","900","true","fixture-duration","","5","0","A4347E92118AA64FC827B521E1E40E390A3676BE0170FCE95B5D4EDA820C8FE2","183","385","106","0","83","92","120","0","98","900","40","8","0","0","9","0","1","[""core:ember_wand"",""core:harvest_scythe"",""core:iron_blade"",""core:seed_bag""]","[""core:guarded_harvest"",""core:rally_boundary""]","{""core:guarded_harvest"":1,""core:rally_boundary"":1}","{""core:meadow_buckle"":1}","[""core:sowing_sworddance""]","[{""tick"":0,""evolutionId"":""core:sowing_sworddance"",""baseId"":""core:iron_blade""}]","{""core:seed_bag"":{""land"":6}}","raw/land__A__43.results.json","6249046e8a105b17b6992e098b4259d1900e1258889a9570c70ef14c1b242b5b","raw/land__A__43.metrics.json","0b2b8c1cfe4f445089ae17928cd00f34063b32acc0e2026eb7b2ac703b65bf32"
"land__A__44","land","A","44","3","900","true","fixture-duration","","4","0","8185893369F0D42DE1E1D1EF413F868373898DEFABA974C9434BCE89E2681D78","177","253","144","0","60","70","120","0","94","900","40","8","0","0","0","10","1","[""core:ember_wand"",""core:iron_blade"",""core:muster_horn"",""core:seed_bag""]","[""core:meal_oath""]","{""core:meal_oath"":1}","{""core:root_binding_cord"":1}","[""core:sowing_sworddance""]","[{""tick"":0,""evolutionId"":""core:sowing_sworddance"",""baseId"":""core:iron_blade""}]","{""core:muster_horn"":{""people"":10},""core:seed_bag"":{""land"":8}}","raw/land__A__44.results.json","bfcc381fdc0dcf1cccdb978624c07b0153c3a47c447fb98de8ca70efaf0786c3","raw/land__A__44.metrics.json","987e90e3e6a62739b7d9b3e8ba8db0b4cab1346a9eba664e48bd269f6af7d801"
"land__B__42","land","B","42","3","900","true","fixture-duration","","4","0","43034CBB741910A579E167F2C625FB5EFDFFB101C9B55CDD5CBE0A17CD85EF9C","173","0","323","0","8","52","120","0","98","900","40","8","0","0","9","0","1","[""core:iron_blade"",""core:muster_horn"",""core:seed_bag""]","[]","{}","{""core:wind_seed_flag"":1}","[""core:sowing_sworddance""]","[{""tick"":0,""evolutionId"":""core:sowing_sworddance"",""baseId"":""core:iron_blade""}]","{""core:muster_horn"":{""people"":15},""core:seed_bag"":{""land"":9}}","raw/land__B__42.results.json","27236a63b7b279d0ced2e38d3f50f75c73fc067db34713fe1d755b2285338087","raw/land__B__42.metrics.json","395837d205f2982d1b153d61aae5c8dddebba34cc22f715058621e960dc7f9d6"
"land__B__43","land","B","43","3","900","true","fixture-duration","","5","0","9F3F310468D96751FC74F7DCFEE35419A2D3707228EBA85C3250F430E2EFCDEF","183","385","106","0","83","92","120","0","98","900","40","8","0","0","9","0","1","[""core:ember_wand"",""core:harvest_scythe"",""core:iron_blade"",""core:seed_bag""]","[""core:guarded_harvest"",""core:rally_boundary""]","{""core:guarded_harvest"":1,""core:rally_boundary"":1}","{""core:meadow_buckle"":1}","[""core:sowing_sworddance""]","[{""tick"":0,""evolutionId"":""core:sowing_sworddance"",""baseId"":""core:iron_blade""}]","{""core:seed_bag"":{""land"":6}}","raw/land__B__43.results.json","4a06d633f0c3843b1c6ba33a2c85fe72236b5f9b5cd70e0b1d85696762e8b4f3","raw/land__B__43.metrics.json","fc7db6b7747e42e62cefdd141cb94295dedff58ad7b2a3093345ec0130613592"
"land__B__44","land","B","44","3","900","true","fixture-duration","","4","0","181F0BF70851EC25B51DCC4E86E7B011B4E085C30D9DED6A697887044D703DE4","177","253","144","0","60","70","120","0","92","900","40","8","0","0","9","0","1","[""core:ember_wand"",""core:iron_blade"",""core:muster_horn"",""core:seed_bag""]","[""core:meal_oath""]","{""core:meal_oath"":1}","{""core:root_binding_cord"":1}","[""core:sowing_sworddance""]","[{""tick"":0,""evolutionId"":""core:sowing_sworddance"",""baseId"":""core:iron_blade""}]","{""core:muster_horn"":{""people"":3},""core:seed_bag"":{""land"":8}}","raw/land__B__44.results.json","dfc7937b50f3f499424eab646049725645ef778772c69726b16d155e1009f2ec","raw/land__B__44.metrics.json","feeb98a010b1a39a306388c1a5c572f06c56dec1ebb3c0222e5fd699af09667a"
"land__C__42","land","C","42","3","900","true","fixture-duration","","3","0","1FCC7A9A657A02CC300A81EC717E1579DEB4BCAD1224E0E1F6A58B0B94A6FB0A","166","14","284","0","8","44","90","0","90","900","40","6","0","0","2","11","1","[""core:iron_blade"",""core:muster_horn"",""core:seed_bag""]","[]","{}","{""core:wind_seed_flag"":1}","[""core:sowing_sworddance""]","[{""tick"":0,""evolutionId"":""core:sowing_sworddance"",""baseId"":""core:iron_blade""}]","{""core:muster_horn"":{""people"":30},""core:seed_bag"":{""land"":9}}","raw/land__C__42.results.json","a08db0f9b2c54361973ddcd12780d3bc513a64be6e9b44c5419b7aa7dc66d511","raw/land__C__42.metrics.json","8c9895556ac7ae35b28163ed1a2f57e356c4456daa7be96e82f0ca338402304a"
"land__C__43","land","C","43","3","900","true","fixture-duration","","5","0","8125E4EC74A6F1CBA14B22FD16EE68C6C11960F483DDC75210B884D779BD2094","183","385","106","0","83","92","120","0","98","900","40","8","0","0","9","0","1","[""core:ember_wand"",""core:harvest_scythe"",""core:iron_blade"",""core:seed_bag""]","[""core:guarded_harvest"",""core:rally_boundary""]","{""core:guarded_harvest"":1,""core:rally_boundary"":1}","{""core:meadow_buckle"":1}","[""core:sowing_sworddance""]","[{""tick"":0,""evolutionId"":""core:sowing_sworddance"",""baseId"":""core:iron_blade""}]","{""core:seed_bag"":{""land"":6}}","raw/land__C__43.results.json","3f4dbc6035d732b144a6dd225aa175c724ebfe4a135dc10f0c9f755828748a49","raw/land__C__43.metrics.json","3c6f392179a01a9ad1dedb5c6abfd871705c8042925a412ae93f337981706ac3"
"land__C__44","land","C","44","3","900","true","fixture-duration","","4","0","4811FE87FEB96280B6A138F211889E7D482EFF060F7A0C4988224849BD01EF1A","177","253","144","0","60","70","120","0","94","900","40","8","0","0","0","10","1","[""core:ember_wand"",""core:iron_blade"",""core:muster_horn"",""core:seed_bag""]","[""core:meal_oath""]","{""core:meal_oath"":1}","{""core:root_binding_cord"":1}","[""core:sowing_sworddance""]","[{""tick"":0,""evolutionId"":""core:sowing_sworddance"",""baseId"":""core:iron_blade""}]","{""core:muster_horn"":{""people"":10},""core:seed_bag"":{""land"":8}}","raw/land__C__44.results.json","eb3a12e26c9e9a08df03deb5f93e1439f3b07df7da1a6c05e8ee0b26423a6507","raw/land__C__44.metrics.json","3fbb288c747e66090ef10a3da2f6ad36e9da98e9a887d5eb4f143362d77ed27e"
"building__A__42","building","A","42","3","900","true","fixture-duration","","5","0","7D5C097C0B26CCF5558CAEC380D4D6EFE13D9D1466715A96FDFEE5601FA52687","188","20","467","55","8","80","135","0","99","900","40","9","0","0","0","20","1","[""core:harvest_scythe"",""core:iron_blade"",""core:ward_orbit"",""core:muster_horn"",""core:seed_bag""]","[]","{}","{""core:wind_seed_flag"":1}","[""core:sowing_sworddance""]","[{""tick"":0,""evolutionId"":""core:sowing_sworddance"",""baseId"":""core:iron_blade""}]","{""core:muster_horn"":{""people"":20},""core:seed_bag"":{""land"":11}}","raw/building__A__42.results.json","a46f5dd96184c9a06b6d113c0c2f9ddc61098f5353be738278280fa31101edc6","raw/building__A__42.metrics.json","6e529f93f6083472a5b6018b117788dd7f470207d5292538bb940b15d22c0848"
"building__A__43","building","A","43","3","900","true","fixture-duration","","5","0","759307CEDC92F96C656C954FFBD0DCF550F03287651E5EDC30769D3760CDF676","183","385","106","0","83","92","120","0","98","900","40","8","0","0","9","0","1","[""core:ember_wand"",""core:harvest_scythe"",""core:iron_blade"",""core:seed_bag""]","[""core:guarded_harvest"",""core:rally_boundary""]","{""core:guarded_harvest"":1,""core:rally_boundary"":1}","{""core:meadow_buckle"":1}","[""core:sowing_sworddance""]","[{""tick"":0,""evolutionId"":""core:sowing_sworddance"",""baseId"":""core:iron_blade""}]","{""core:seed_bag"":{""land"":6}}","raw/building__A__43.results.json","406c9c24b7f4f44b427c73e7b894132e9d468cf9df787996e74a9882b09ff2cf","raw/building__A__43.metrics.json","09d0c53e63ab8943930cae74e3d0403fd1dc8d5b6c6ad05934a4224c116fa7c6"
"building__A__44","building","A","44","3","900","true","fixture-duration","","4","0","5E7F6667974778749F19717185C1B05B91B41EF34F23F48B3D914044D51E6E51","177","253","144","0","60","70","120","0","94","900","40","8","0","0","0","10","1","[""core:ember_wand"",""core:iron_blade"",""core:muster_horn"",""core:seed_bag""]","[""core:meal_oath""]","{""core:meal_oath"":1}","{""core:root_binding_cord"":1}","[""core:sowing_sworddance""]","[{""tick"":0,""evolutionId"":""core:sowing_sworddance"",""baseId"":""core:iron_blade""}]","{""core:muster_horn"":{""people"":10},""core:seed_bag"":{""land"":8}}","raw/building__A__44.results.json","28a2936875d9c521209addc631ba7677337525a1adff511ef00bf69dc3d24a9c","raw/building__A__44.metrics.json","45725e8672576f26abe8727d96cb4a7f82d36f083a7289331b2a2b4ef452a891"
"building__B__42","building","B","42","3","900","true","fixture-duration","","4","0","4CDA6AEE452DD215259DF57B00A6F29789EB38503BF80BD8BAC0508693940420","173","0","323","0","8","52","120","0","98","900","40","8","0","0","9","0","1","[""core:iron_blade"",""core:muster_horn"",""core:seed_bag""]","[]","{}","{""core:wind_seed_flag"":1}","[""core:sowing_sworddance""]","[{""tick"":0,""evolutionId"":""core:sowing_sworddance"",""baseId"":""core:iron_blade""}]","{""core:muster_horn"":{""people"":15},""core:seed_bag"":{""land"":9}}","raw/building__B__42.results.json","9bc671e95d55e760b7e4bd775b4f67bcab2a112d6d7a7f3dcc874fb0790d7072","raw/building__B__42.metrics.json","35d5009df0e40b4e08d77dc6c741cc1770eb9f992269c2234257c66bc9c33a6c"
"building__B__43","building","B","43","3","900","true","fixture-duration","","5","0","E25E16A7E41F29D4C3732D2B8AD7FFD512D7349F8C60747616A9951794F83339","183","385","106","0","83","92","120","0","98","900","40","8","0","0","9","0","1","[""core:ember_wand"",""core:harvest_scythe"",""core:iron_blade"",""core:seed_bag""]","[""core:guarded_harvest"",""core:rally_boundary""]","{""core:guarded_harvest"":1,""core:rally_boundary"":1}","{""core:meadow_buckle"":1}","[""core:sowing_sworddance""]","[{""tick"":0,""evolutionId"":""core:sowing_sworddance"",""baseId"":""core:iron_blade""}]","{""core:seed_bag"":{""land"":6}}","raw/building__B__43.results.json","63e672ad45b6d27948366fda254b7e27d902ae2a9bc91732c8517b5a869f57f2","raw/building__B__43.metrics.json","51c01770eb9d2a5cf926a0891d83b16e00a2e416110118b906224e7e82e2ffb0"
"building__B__44","building","B","44","3","900","true","fixture-duration","","4","0","F85CF59084390F34A66A270624704E8E78746D7397AD7CBD678A183F1D8CF900","177","253","144","0","60","70","120","0","92","900","40","8","0","0","9","0","1","[""core:ember_wand"",""core:iron_blade"",""core:muster_horn"",""core:seed_bag""]","[""core:meal_oath""]","{""core:meal_oath"":1}","{""core:root_binding_cord"":1}","[""core:sowing_sworddance""]","[{""tick"":0,""evolutionId"":""core:sowing_sworddance"",""baseId"":""core:iron_blade""}]","{""core:muster_horn"":{""people"":3},""core:seed_bag"":{""land"":8}}","raw/building__B__44.results.json","18599e2085b53da5488a7a6b5a60a0bce86aee03f530d7e4124e0f231f3686f3","raw/building__B__44.metrics.json","2f8eccd2ac560c88c155ba6fb6971f98f3df493835b830c624655d891483be26"
"building__C__42","building","C","42","3","900","true","fixture-duration","","3","0","F62B7DF53E78F8EEAE7615FEEE750747E062D2ED2BEFF01E0577EF4F46056609","166","14","284","0","8","44","90","0","90","900","40","6","0","0","2","11","1","[""core:iron_blade"",""core:muster_horn"",""core:seed_bag""]","[]","{}","{""core:wind_seed_flag"":1}","[""core:sowing_sworddance""]","[{""tick"":0,""evolutionId"":""core:sowing_sworddance"",""baseId"":""core:iron_blade""}]","{""core:muster_horn"":{""people"":30},""core:seed_bag"":{""land"":9}}","raw/building__C__42.results.json","28017b481f2ae218611df5e871a60df9bce090468f0aecb91f564bf46c666677","raw/building__C__42.metrics.json","fe60251e46102795c89bb81c0919415bba13340a9cecd102827ba5cefa6f8b65"
"building__C__43","building","C","43","3","900","true","fixture-duration","","5","0","EAF2D7C66FAAA155A3EB69CAB9337C08FE78B1DB96C007865B87DCB3F58149A8","183","385","106","0","83","92","120","0","98","900","40","8","0","0","9","0","1","[""core:ember_wand"",""core:harvest_scythe"",""core:iron_blade"",""core:seed_bag""]","[""core:guarded_harvest"",""core:rally_boundary""]","{""core:guarded_harvest"":1,""core:rally_boundary"":1}","{""core:meadow_buckle"":1}","[""core:sowing_sworddance""]","[{""tick"":0,""evolutionId"":""core:sowing_sworddance"",""baseId"":""core:iron_blade""}]","{""core:seed_bag"":{""land"":6}}","raw/building__C__43.results.json","b4c0487e058a8d5033598572212b9220467712a5c35d2827d03fa18cf47cf7c1","raw/building__C__43.metrics.json","fa58fce9ad7042125b3302d9f0ecc994f52d543b7c21f68c483f6dce4d22ae20"
"building__C__44","building","C","44","3","900","true","fixture-duration","","4","0","A9464F5AF5D04E6712EB2EF8B47A4BD901BAFCA94BD9EE55AF4667CE07CD35D3","177","253","144","0","60","70","120","0","94","900","40","8","0","0","0","10","1","[""core:ember_wand"",""core:iron_blade"",""core:muster_horn"",""core:seed_bag""]","[""core:meal_oath""]","{""core:meal_oath"":1}","{""core:root_binding_cord"":1}","[""core:sowing_sworddance""]","[{""tick"":0,""evolutionId"":""core:sowing_sworddance"",""baseId"":""core:iron_blade""}]","{""core:muster_horn"":{""people"":10},""core:seed_bag"":{""land"":8}}","raw/building__C__44.results.json","32b6fe6c4881f999538c1cc4769a0ffc65943125fb6aef633214368e0e1d707f","raw/building__C__44.metrics.json","12696c423dea18f22153670dd54be1c39d5bd1c946d5cedfc4167268956d0e5a"
"people__A__42","people","A","42","3","900","true","fixture-duration","","5","0","971E8DA825440A5749B9F6B33FE3A50952869B0424869343C55EF196DDD82F10","188","20","467","55","8","80","135","0","99","900","40","9","0","0","0","20","1","[""core:harvest_scythe"",""core:iron_blade"",""core:ward_orbit"",""core:muster_horn"",""core:seed_bag""]","[]","{}","{""core:wind_seed_flag"":1}","[""core:sowing_sworddance""]","[{""tick"":0,""evolutionId"":""core:sowing_sworddance"",""baseId"":""core:iron_blade""}]","{""core:muster_horn"":{""people"":20},""core:seed_bag"":{""land"":11}}","raw/people__A__42.results.json","90a0cbfe51556a8c640c1238ee320accb4bda40f612ce2682645c7fdb9e23a8a","raw/people__A__42.metrics.json","41f74ab7f0601f99cbe8568a89b4eaf6021f17cf2fb4fcc5ff4318355ab41a94"
"people__A__43","people","A","43","3","900","true","fixture-duration","","5","0","604CB734CA7FE6428A7EEDE5C47D487FFDD3EEB46F049CDF37104D655405FC71","178","275","159","48","123","92","150","0","90","900","40","10","0","0","9","0","1","[""core:harvest_scythe"",""core:iron_blade"",""core:carpenter_hammer"",""core:seed_bag""]","[""core:meal_oath"",""core:repair_tithe""]","{""core:meal_oath"":1,""core:repair_tithe"":2}","{""core:meadow_buckle"":1}","[""core:sheltered_sowing"",""core:sowing_sworddance""]","[{""tick"":0,""evolutionId"":""core:sowing_sworddance"",""baseId"":""core:iron_blade""},{""tick"":781,""evolutionId"":""core:sheltered_sowing"",""baseId"":""core:seed_bag""}]","{""core:carpenter_hammer"":{""building"":3},""core:seed_bag"":{""land"":8}}","raw/people__A__43.results.json","d9c4d85f5809db77aaf45f90c03ce1a22ab6936da206720f8f8a43479653d09c","raw/people__A__43.metrics.json","66c56aa0efbccc737b76e7803db2652c020161ce1dbd63a6cd6b71e042905dfa"
"people__A__44","people","A","44","3","900","true","fixture-duration","","4","0","1843406B7CE5EAF83EC61A853290978B9CC60FCF9F84F3BE23979AABC743A0C1","177","253","144","0","60","70","120","0","94","900","40","8","0","0","0","10","1","[""core:ember_wand"",""core:iron_blade"",""core:muster_horn"",""core:seed_bag""]","[""core:meal_oath""]","{""core:meal_oath"":1}","{""core:root_binding_cord"":1}","[""core:sowing_sworddance""]","[{""tick"":0,""evolutionId"":""core:sowing_sworddance"",""baseId"":""core:iron_blade""}]","{""core:muster_horn"":{""people"":10},""core:seed_bag"":{""land"":8}}","raw/people__A__44.results.json","f59ed5f12942784226996de422b4308d7d2373206c769d89b36588164babe9b6","raw/people__A__44.metrics.json","eec7e4c5b852ea3eaa44443785b08e61d2f4762745e76801b14094d7fcb53e51"
"people__B__42","people","B","42","3","900","true","fixture-duration","","4","0","9832278F7B185744FF92FC3B0766702DF80A66582B48B573017270795ABA8152","172","0","337","0","8","52","120","0","98","900","40","8","0","0","9","0","1","[""core:iron_blade"",""core:muster_horn"",""core:seed_bag""]","[]","{}","{""core:wind_seed_flag"":1}","[""core:sowing_sworddance""]","[{""tick"":0,""evolutionId"":""core:sowing_sworddance"",""baseId"":""core:iron_blade""}]","{""core:muster_horn"":{""people"":15},""core:seed_bag"":{""land"":9}}","raw/people__B__42.results.json","d1a9f86744f34e58e985178af2893544ef04163f987867116f23c27e029c5634","raw/people__B__42.metrics.json","e8df73a30702eeb79b00e960e8eb95f36430a2aecd6713779e03e2914dcd5b92"
"people__B__43","people","B","43","3","900","true","fixture-duration","","5","0","78B0ECDEC846B910A0E2CBEBC42914F07C1C4E81E2E382240793CA8517081C34","178","275","159","48","123","92","150","0","90","900","40","10","0","0","9","0","1","[""core:harvest_scythe"",""core:iron_blade"",""core:carpenter_hammer"",""core:seed_bag""]","[""core:meal_oath"",""core:repair_tithe""]","{""core:meal_oath"":1,""core:repair_tithe"":2}","{""core:meadow_buckle"":1}","[""core:sheltered_sowing"",""core:sowing_sworddance""]","[{""tick"":0,""evolutionId"":""core:sowing_sworddance"",""baseId"":""core:iron_blade""},{""tick"":781,""evolutionId"":""core:sheltered_sowing"",""baseId"":""core:seed_bag""}]","{""core:carpenter_hammer"":{""building"":3},""core:seed_bag"":{""land"":8}}","raw/people__B__43.results.json","d69eecbf4f4e627a0643caf70912a072eee3a9fa8d1f36224bbac29f603f5e84","raw/people__B__43.metrics.json","7bf6ccecd337ea5122ac0216a90682dd601e62e5cbb09c5c652290ecf7f8c28a"
"people__B__44","people","B","44","3","900","true","fixture-duration","","4","0","409DFC161246C3AFD9944995EAB71A7514CE7A438E77812A7E0C9F767F8ADAD7","177","253","144","0","60","70","120","0","92","900","40","8","0","0","9","0","1","[""core:ember_wand"",""core:iron_blade"",""core:muster_horn"",""core:seed_bag""]","[""core:meal_oath""]","{""core:meal_oath"":1}","{""core:root_binding_cord"":1}","[""core:sowing_sworddance""]","[{""tick"":0,""evolutionId"":""core:sowing_sworddance"",""baseId"":""core:iron_blade""}]","{""core:muster_horn"":{""people"":3},""core:seed_bag"":{""land"":8}}","raw/people__B__44.results.json","b4b9e7e76206fc6181748d347f016411a56438a75734d9b35f5f18c5bc2b9fad","raw/people__B__44.metrics.json","b79a978a55a7a985c8ec56f3e90078549d56b45ca3807cedf24b26cda2d8eba1"
"people__C__42","people","C","42","3","900","true","fixture-duration","","3","0","9EED1D42B39A2ADD6A367D073870D900CD48405AD54BB2F3528D36F3B00CF3E9","166","14","284","0","8","44","90","0","90","900","40","6","0","0","2","11","1","[""core:iron_blade"",""core:muster_horn"",""core:seed_bag""]","[]","{}","{""core:wind_seed_flag"":1}","[""core:sowing_sworddance""]","[{""tick"":0,""evolutionId"":""core:sowing_sworddance"",""baseId"":""core:iron_blade""}]","{""core:muster_horn"":{""people"":30},""core:seed_bag"":{""land"":9}}","raw/people__C__42.results.json","7eb1c4a8dc87144b93c25127d4c7446e46f02f11f59c20ff985711d27ef426f2","raw/people__C__42.metrics.json","c642f3804045fec7e94239ef3648738c44ac3c6378d3110201e31036af32567c"
"people__C__43","people","C","43","3","900","true","fixture-duration","","5","0","377149F713019FF44E5F54A53F09E39583D188590793BED8C6E5DF8D7FA14060","178","275","159","48","123","92","150","0","90","900","40","10","0","0","9","0","1","[""core:harvest_scythe"",""core:iron_blade"",""core:carpenter_hammer"",""core:seed_bag""]","[""core:meal_oath"",""core:repair_tithe""]","{""core:meal_oath"":1,""core:repair_tithe"":2}","{""core:meadow_buckle"":1}","[""core:sheltered_sowing"",""core:sowing_sworddance""]","[{""tick"":0,""evolutionId"":""core:sowing_sworddance"",""baseId"":""core:iron_blade""},{""tick"":781,""evolutionId"":""core:sheltered_sowing"",""baseId"":""core:seed_bag""}]","{""core:carpenter_hammer"":{""building"":3},""core:seed_bag"":{""land"":8}}","raw/people__C__43.results.json","dac06ae8e681761a01094108e18bef149cbd0a8f6453b1a81fdcd11ed9e25e2f","raw/people__C__43.metrics.json","455fe35a44b95a4556a3829e8de3f94e173dd478a50ad19bdec590785b94283b"
"people__C__44","people","C","44","3","900","true","fixture-duration","","4","0","22241B89FBE39C318E2E8ACB7FCBB3616A9FB178E74C203CB07C11DF47F86887","177","253","144","0","60","70","120","0","94","900","40","8","0","0","0","10","1","[""core:ember_wand"",""core:iron_blade"",""core:muster_horn"",""core:seed_bag""]","[""core:meal_oath""]","{""core:meal_oath"":1}","{""core:root_binding_cord"":1}","[""core:sowing_sworddance""]","[{""tick"":0,""evolutionId"":""core:sowing_sworddance"",""baseId"":""core:iron_blade""}]","{""core:muster_horn"":{""people"":10},""core:seed_bag"":{""land"":8}}","raw/people__C__44.results.json","0c5175378b859a926ba4c8b8d005e562df128839f2661c06085acc84c884f2b1","raw/people__C__44.metrics.json","2dbd2114fe5251dd71af709db24c003ce168a6c3c8c95620c526a7efcbafa478"
"mixed__A__42","mixed","A","42","3","900","true","fixture-duration","","5","0","4DE29B84F41DA1AC49C1AF7DE4F354A863AC889F602975532FA47BD8C3167FB9","188","20","467","55","8","80","135","0","99","900","40","9","0","0","0","20","1","[""core:harvest_scythe"",""core:iron_blade"",""core:ward_orbit"",""core:muster_horn"",""core:seed_bag""]","[]","{}","{""core:wind_seed_flag"":1}","[""core:sowing_sworddance""]","[{""tick"":0,""evolutionId"":""core:sowing_sworddance"",""baseId"":""core:iron_blade""}]","{""core:muster_horn"":{""people"":20},""core:seed_bag"":{""land"":11}}","raw/mixed__A__42.results.json","744e8d7622bbe7e71b392eed94449c2cb09b47e3e84aa917fa3236413092a5b6","raw/mixed__A__42.metrics.json","4f634e8c056f1a2dbeca4beef7f3e5d9ab15d998969aa0c7bea66fd7805b8c3a"
"mixed__A__43","mixed","A","43","3","900","true","fixture-duration","","5","0","974245318CE31C002480275FA365D32396346C8AA4A487A6CFED792DFAED2865","183","385","106","0","83","92","120","0","98","900","40","8","0","0","9","0","1","[""core:ember_wand"",""core:harvest_scythe"",""core:iron_blade"",""core:seed_bag""]","[""core:guarded_harvest"",""core:rally_boundary""]","{""core:guarded_harvest"":1,""core:rally_boundary"":1}","{""core:meadow_buckle"":1}","[""core:sowing_sworddance""]","[{""tick"":0,""evolutionId"":""core:sowing_sworddance"",""baseId"":""core:iron_blade""}]","{""core:seed_bag"":{""land"":6}}","raw/mixed__A__43.results.json","64697ae3342a6abb0283adc46775e2ec3e983655d75411cf921071fce5a572cf","raw/mixed__A__43.metrics.json","5cbb60d1610123e405bca523a910ba991ef8d1bf709e263d6f1d22228aeee011"
"mixed__A__44","mixed","A","44","3","900","true","fixture-duration","","4","0","14EC44AB562D0474733A94613FA4A1D593B57B656AD4CABB1152D63447F74BE4","177","253","144","0","60","70","120","0","94","900","40","8","0","0","0","10","1","[""core:ember_wand"",""core:iron_blade"",""core:muster_horn"",""core:seed_bag""]","[""core:meal_oath""]","{""core:meal_oath"":1}","{""core:root_binding_cord"":1}","[""core:sowing_sworddance""]","[{""tick"":0,""evolutionId"":""core:sowing_sworddance"",""baseId"":""core:iron_blade""}]","{""core:muster_horn"":{""people"":10},""core:seed_bag"":{""land"":8}}","raw/mixed__A__44.results.json","40c575c7758230cca8560c5525bf526d202638669bf17c037f899868c4c3ce70","raw/mixed__A__44.metrics.json","005a9fa69ee737320d41fa779a57e6db0356299a11e1fb646d615f663c1394c4"
"mixed__B__42","mixed","B","42","3","900","true","fixture-duration","","4","0","BFCF1178FFEE3C463A0C42E43F6729BC8659D78CC8D932E525BD52AE1335F333","173","0","323","0","8","52","120","0","98","900","40","8","0","0","9","0","1","[""core:iron_blade"",""core:muster_horn"",""core:seed_bag""]","[]","{}","{""core:wind_seed_flag"":1}","[""core:sowing_sworddance""]","[{""tick"":0,""evolutionId"":""core:sowing_sworddance"",""baseId"":""core:iron_blade""}]","{""core:muster_horn"":{""people"":15},""core:seed_bag"":{""land"":9}}","raw/mixed__B__42.results.json","2e8b6b0dfd53d9554a3201cc96f240238140d08082adde6faed64278e54343d5","raw/mixed__B__42.metrics.json","06c537f181c8164bbc4b0678fd564e75b3efb38ef4742fe824045480648cd509"
"mixed__B__43","mixed","B","43","3","900","true","fixture-duration","","5","0","C829A842A71525814B3437E21512ABBE558E11B9919E887485315C4EC4AC37A8","183","385","106","0","83","92","120","0","98","900","40","8","0","0","9","0","1","[""core:ember_wand"",""core:harvest_scythe"",""core:iron_blade"",""core:seed_bag""]","[""core:guarded_harvest"",""core:rally_boundary""]","{""core:guarded_harvest"":1,""core:rally_boundary"":1}","{""core:meadow_buckle"":1}","[""core:sowing_sworddance""]","[{""tick"":0,""evolutionId"":""core:sowing_sworddance"",""baseId"":""core:iron_blade""}]","{""core:seed_bag"":{""land"":6}}","raw/mixed__B__43.results.json","3f3148c15b9089925b23801db00af82d86d17c9985d735630c42db577d12bda0","raw/mixed__B__43.metrics.json","2317f6e2e3c27a355c80d03bb2c6784aaefe1d5cc7fda56f01630a65b7f1b06f"
"mixed__B__44","mixed","B","44","3","900","true","fixture-duration","","4","0","40900BDFB2BABBF0E19AC7C136BD7E6BC8B450529062DE99DC0F96F3EF9FB387","177","253","144","0","60","70","120","0","92","900","40","8","0","0","9","0","1","[""core:ember_wand"",""core:iron_blade"",""core:muster_horn"",""core:seed_bag""]","[""core:meal_oath""]","{""core:meal_oath"":1}","{""core:root_binding_cord"":1}","[""core:sowing_sworddance""]","[{""tick"":0,""evolutionId"":""core:sowing_sworddance"",""baseId"":""core:iron_blade""}]","{""core:muster_horn"":{""people"":3},""core:seed_bag"":{""land"":8}}","raw/mixed__B__44.results.json","fa3a0033642377f62869dc1df31bc5ec6035cf269354f072d99a9e124dc37b03","raw/mixed__B__44.metrics.json","a6610efa0094a86affd469fe41992ddd8e9fbd0f6be8d58bca58dc8604df19f9"
"mixed__C__42","mixed","C","42","3","900","true","fixture-duration","","3","0","48A65A8007959988EE48F6BB92927DA7945A90FD9DF4C9FDBE74B901874ED4D2","166","14","284","0","8","44","90","0","90","900","40","6","0","0","2","11","1","[""core:iron_blade"",""core:muster_horn"",""core:seed_bag""]","[]","{}","{""core:wind_seed_flag"":1}","[""core:sowing_sworddance""]","[{""tick"":0,""evolutionId"":""core:sowing_sworddance"",""baseId"":""core:iron_blade""}]","{""core:muster_horn"":{""people"":30},""core:seed_bag"":{""land"":9}}","raw/mixed__C__42.results.json","d0d8d29fee93d2e137aeb9946fedd601244bc2725e3058dad51a23ead8240c32","raw/mixed__C__42.metrics.json","4970f81023abe90e77c73199652b87a115905e8bd2383a561c3595d84ce6c03b"
"mixed__C__43","mixed","C","43","3","900","true","fixture-duration","","5","0","692CD3CF35A26DB68F90667E8EAC8454AD2CBADD7B031B82855F4412429D58D8","183","385","106","0","83","92","120","0","98","900","40","8","0","0","9","0","1","[""core:ember_wand"",""core:harvest_scythe"",""core:iron_blade"",""core:seed_bag""]","[""core:guarded_harvest"",""core:rally_boundary""]","{""core:guarded_harvest"":1,""core:rally_boundary"":1}","{""core:meadow_buckle"":1}","[""core:sowing_sworddance""]","[{""tick"":0,""evolutionId"":""core:sowing_sworddance"",""baseId"":""core:iron_blade""}]","{""core:seed_bag"":{""land"":6}}","raw/mixed__C__43.results.json","f847f5160a55a3b971b7733ef233ffc047831d456685f18a5085d1cd6acca26e","raw/mixed__C__43.metrics.json","f063fadf3b8695f41972de54855c6ac9be5645daaf7a18d8a17d322ab08550aa"
"mixed__C__44","mixed","C","44","3","900","true","fixture-duration","","4","0","67513BC42CB3D2ECC29B4CEF6CBD6440C75CCF0B6B2CBF2F5E51F03BFD291E02","177","253","144","0","60","70","120","0","94","900","40","8","0","0","0","10","1","[""core:ember_wand"",""core:iron_blade"",""core:muster_horn"",""core:seed_bag""]","[""core:meal_oath""]","{""core:meal_oath"":1}","{""core:root_binding_cord"":1}","[""core:sowing_sworddance""]","[{""tick"":0,""evolutionId"":""core:sowing_sworddance"",""baseId"":""core:iron_blade""}]","{""core:muster_horn"":{""people"":10},""core:seed_bag"":{""land"":8}}","raw/mixed__C__44.results.json","9b6890a0b8bf54d1438b2920b521b04354eb9a148320be6304c373490c88f3ed","raw/mixed__C__44.metrics.json","ffa3bc1dbbc4c8c2d97565f6d7a73fd2d0953bb6b3963d91507d3c255b1d18b7"
"random__A__42","random","A","42","3","900","true","fixture-duration","","5","0","136E53A9BCF411FC1E5AE57221AA5B8BED01E105FDC11E4BBABF7FD94735847F","188","20","467","55","8","80","135","0","99","900","40","9","0","0","0","20","1","[""core:harvest_scythe"",""core:iron_blade"",""core:ward_orbit"",""core:muster_horn"",""core:seed_bag""]","[]","{}","{""core:wind_seed_flag"":1}","[""core:sowing_sworddance""]","[{""tick"":0,""evolutionId"":""core:sowing_sworddance"",""baseId"":""core:iron_blade""}]","{""core:muster_horn"":{""people"":20},""core:seed_bag"":{""land"":11}}","raw/random__A__42.results.json","06527468ff729d6d5eff5663e36e3930c27854661abc39eec7812a5cebb5ecbb","raw/random__A__42.metrics.json","dbd9cb53fc145f3fe225bea985573a285cc9d1228532632e23e2d4329f0a18b8"
"random__A__43","random","A","43","3","900","true","fixture-duration","","5","0","2894890AE806225FD98CC6A80D263A7929DB5309702FF477D77463F993B99493","183","385","106","0","83","92","120","0","98","900","40","8","0","0","9","0","1","[""core:ember_wand"",""core:harvest_scythe"",""core:iron_blade"",""core:seed_bag""]","[""core:guarded_harvest"",""core:rally_boundary""]","{""core:guarded_harvest"":1,""core:rally_boundary"":1}","{""core:meadow_buckle"":1}","[""core:sowing_sworddance""]","[{""tick"":0,""evolutionId"":""core:sowing_sworddance"",""baseId"":""core:iron_blade""}]","{""core:seed_bag"":{""land"":6}}","raw/random__A__43.results.json","94e2f8ce80ddd01cf37a0c4cc478695045c6873327bb5326e12d26b1ff56eb9e","raw/random__A__43.metrics.json","ff15e905e0647431ebfc78e1e99a44d0ac7594628d6dca1550a492116bb98df4"
"random__A__44","random","A","44","3","900","true","fixture-duration","","4","0","01A80157B90FC851D7CA37A193FED373DF3E4C462046A360E98071E6920C6C42","177","253","144","0","60","70","120","0","94","900","40","8","0","0","0","10","1","[""core:ember_wand"",""core:iron_blade"",""core:muster_horn"",""core:seed_bag""]","[""core:meal_oath""]","{""core:meal_oath"":1}","{""core:root_binding_cord"":1}","[""core:sowing_sworddance""]","[{""tick"":0,""evolutionId"":""core:sowing_sworddance"",""baseId"":""core:iron_blade""}]","{""core:muster_horn"":{""people"":10},""core:seed_bag"":{""land"":8}}","raw/random__A__44.results.json","0c3bf5385ebc6491bd3440c7928ef22944e5c448fa2d3bd64a2e59e3a52a3046","raw/random__A__44.metrics.json","54159f89ff941dc747d633dc9f9e00daf1b0182e8907ec80c4ac4d5ba5163a45"
"random__B__42","random","B","42","3","900","true","fixture-duration","","4","0","BEEE9271C56DCB68606197317F969E7F45F12CD9406B7BCEA20053A80A8704A9","173","0","323","0","8","52","120","0","98","900","40","8","0","0","9","0","1","[""core:iron_blade"",""core:muster_horn"",""core:seed_bag""]","[]","{}","{""core:wind_seed_flag"":1}","[""core:sowing_sworddance""]","[{""tick"":0,""evolutionId"":""core:sowing_sworddance"",""baseId"":""core:iron_blade""}]","{""core:muster_horn"":{""people"":15},""core:seed_bag"":{""land"":9}}","raw/random__B__42.results.json","f27fff8b6f0d86d5ecdd62227942f7005ec45d7a42fd69b5f6675baddc479f0e","raw/random__B__42.metrics.json","a98bc7cd88ceb78c7856a3cb76901c88bcc61dc10d52fd77ea2674b1a7c59fd3"
"random__B__43","random","B","43","3","900","true","fixture-duration","","5","0","962CFFD3D4A7D63DD1703018B49735386B87EFE00D1AB256C5B55FBF78DF7F2C","183","385","106","0","83","92","120","0","98","900","40","8","0","0","9","0","1","[""core:ember_wand"",""core:harvest_scythe"",""core:iron_blade"",""core:seed_bag""]","[""core:guarded_harvest"",""core:rally_boundary""]","{""core:guarded_harvest"":1,""core:rally_boundary"":1}","{""core:meadow_buckle"":1}","[""core:sowing_sworddance""]","[{""tick"":0,""evolutionId"":""core:sowing_sworddance"",""baseId"":""core:iron_blade""}]","{""core:seed_bag"":{""land"":6}}","raw/random__B__43.results.json","7bcb48ec88f9a4591c09684154a70997e4e3c4cd8a8f6db4c3fff845225317c7","raw/random__B__43.metrics.json","5ad5f9b2fbbe5a9992d86ff0b939e1a1836a81e3b8168606f700fb3236c06b2e"
"random__B__44","random","B","44","3","900","true","fixture-duration","","4","0","711B9FC2DBAF75F530B08A91917F8FAF97A49B5F4D9E9E88F033BE5E663FD52D","177","253","144","0","60","70","120","0","92","900","40","8","0","0","9","0","1","[""core:ember_wand"",""core:iron_blade"",""core:muster_horn"",""core:seed_bag""]","[""core:meal_oath""]","{""core:meal_oath"":1}","{""core:root_binding_cord"":1}","[""core:sowing_sworddance""]","[{""tick"":0,""evolutionId"":""core:sowing_sworddance"",""baseId"":""core:iron_blade""}]","{""core:muster_horn"":{""people"":3},""core:seed_bag"":{""land"":8}}","raw/random__B__44.results.json","23d9c539046239d25923e1fb9f18e952b0f86931b0017370c95290c6c8d445bd","raw/random__B__44.metrics.json","8b0776138b45bceea95f58d1350a0787dc46824564b750bb131dcca75b77c2d1"
"random__C__42","random","C","42","3","900","true","fixture-duration","","3","0","7F242CBA959FA3075195C6D6C6A1E7FB8D7C92B85B4C31CC7B29EAB2107B885C","166","14","284","0","8","44","90","0","90","900","40","6","0","0","2","11","1","[""core:iron_blade"",""core:muster_horn"",""core:seed_bag""]","[]","{}","{""core:wind_seed_flag"":1}","[""core:sowing_sworddance""]","[{""tick"":0,""evolutionId"":""core:sowing_sworddance"",""baseId"":""core:iron_blade""}]","{""core:muster_horn"":{""people"":30},""core:seed_bag"":{""land"":9}}","raw/random__C__42.results.json","7557a17147416b9c057660b264c3fbe4a7ea8c92deead34e7c21503c804311a8","raw/random__C__42.metrics.json","8fb473f4eea5e57bc398debc33f0df252c8710fded6265139b2f98e1eb345e42"
"random__C__43","random","C","43","3","900","true","fixture-duration","","5","0","32456A5D13B213C3E5A174ECE8139B354F3E0A42161A5A1CC379CF4CCDD8ABFC","183","385","106","0","83","92","120","0","98","900","40","8","0","0","9","0","1","[""core:ember_wand"",""core:harvest_scythe"",""core:iron_blade"",""core:seed_bag""]","[""core:guarded_harvest"",""core:rally_boundary""]","{""core:guarded_harvest"":1,""core:rally_boundary"":1}","{""core:meadow_buckle"":1}","[""core:sowing_sworddance""]","[{""tick"":0,""evolutionId"":""core:sowing_sworddance"",""baseId"":""core:iron_blade""}]","{""core:seed_bag"":{""land"":6}}","raw/random__C__43.results.json","e0c578adbdfbd3dfeeee11b3134a675c6430b8a47f395319b4308bf6f9126082","raw/random__C__43.metrics.json","55a44622fd85d13f35192b7c771cc781463bd30749234e5af36f87ab2bf49df4"
"random__C__44","random","C","44","3","900","true","fixture-duration","","4","0","A1EB004BB303C54171177ECFD0D70A7921900CF630889D7DE0AE6CB04C7E0B39","177","253","144","0","60","70","120","0","94","900","40","8","0","0","0","10","1","[""core:ember_wand"",""core:iron_blade"",""core:muster_horn"",""core:seed_bag""]","[""core:meal_oath""]","{""core:meal_oath"":1}","{""core:root_binding_cord"":1}","[""core:sowing_sworddance""]","[{""tick"":0,""evolutionId"":""core:sowing_sworddance"",""baseId"":""core:iron_blade""}]","{""core:muster_horn"":{""people"":10},""core:seed_bag"":{""land"":8}}","raw/random__C__44.results.json","ff7a831948d050ac2c3fcb42397c7fb7fcc23566c41e2591ad6bdffc9c674f05","raw/random__C__44.metrics.json","f7fd4b61e9c7d38d61d29a421238365464db91ac2f495391ba43dae70b1f7f4e"
