mode,repetition,density,frames,zeroCommandFrames,frameP95Ms,maximumMs,over33Frames,over33Ratio,over100Frames,presentationP95Ms,simulationP95Ms,snapshotP95Ms,gcCollections,allocationMeasurement,status,commit,sourceHash
uncapped,1,400-599,69111,66411,2.3087,12.737,0,0,0,0.9749,0,0,143,unavailable/all-zero-counter,trend-only,eed013958d8266391de2242f7398dcedf843571a,A45E275FACCB44C1DD32649B4767612B9361A6CF8AB14296E12F7AD760C65C2B
uncapped,2,400-599,67774,65074,2.5659,13.3614,0,0,0,0.9712,0,0,143,unavailable/all-zero-counter,trend-only,eed013958d8266391de2242f7398dcedf843571a,A45E275FACCB44C1DD32649B4767612B9361A6CF8AB14296E12F7AD760C65C2B
uncapped,3,400-599,70318,67618,2.1794,5.2383,0,0,0,0.9882,0,0,143,unavailable/all-zero-counter,trend-only,eed013958d8266391de2242f7398dcedf843571a,A45E275FACCB44C1DD32649B4767612B9361A6CF8AB14296E12F7AD760C65C2B
uncapped,1,600-799,59035,56334,2.7974,12.1927,0,0,0,1.1926,0,0,159,unavailable/all-zero-counter,trend-only,eed013958d8266391de2242f7398dcedf843571a,A45E275FACCB44C1DD32649B4767612B9361A6CF8AB14296E12F7AD760C65C2B
uncapped,2,600-799,59610,56909,2.691,6.6561,0,0,0,1.1869,0,0,158,unavailable/all-zero-counter,trend-only,eed013958d8266391de2242f7398dcedf843571a,A45E275FACCB44C1DD32649B4767612B9361A6CF8AB14296E12F7AD760C65C2B
uncapped,3,600-799,58743,56042,2.6939,5.6335,0,0,0,1.194,0,0,158,unavailable/all-zero-counter,trend-only,eed013958d8266391de2242f7398dcedf843571a,A45E275FACCB44C1DD32649B4767612B9361A6CF8AB14296E12F7AD760C65C2B
uncapped,1,800+,22106,20905,3.5938,29.834,0,0,0,1.3497,1.3829,0.2547,75,unavailable/all-zero-counter,trend-only,eed013958d8266391de2242f7398dcedf843571a,A45E275FACCB44C1DD32649B4767612B9361A6CF8AB14296E12F7AD760C65C2B
uncapped,2,800+,23239,22038,3.3126,6.5168,0,0,0,1.3512,1.3387,0.2454,75,unavailable/all-zero-counter,trend-only,eed013958d8266391de2242f7398dcedf843571a,A45E275FACCB44C1DD32649B4767612B9361A6CF8AB14296E12F7AD760C65C2B
uncapped,3,800+,22198,20997,3.5283,22.7708,0,0,0,1.3666,1.4022,0.2616,76,unavailable/all-zero-counter,trend-only,eed013958d8266391de2242f7398dcedf843571a,A45E275FACCB44C1DD32649B4767612B9361A6CF8AB14296E12F7AD760C65C2B
capped,1,400-599,5351,2651,17.3525,26.0293,0,0,0,2.3238,3.3288,0.5258,200,unavailable/all-zero-counter,pass,eed013958d8266391de2242f7398dcedf843571a,A45E275FACCB44C1DD32649B4767612B9361A6CF8AB14296E12F7AD760C65C2B
capped,2,400-599,5329,2634,17.3949,176.0822,3,0.000562957402889848,1,2.3118,3.3296,0.5268,202,unavailable/all-zero-counter,fail,eed013958d8266391de2242f7398dcedf843571a,A45E275FACCB44C1DD32649B4767612B9361A6CF8AB14296E12F7AD760C65C2B
capped,3,400-599,5347,2647,17.3802,25.8219,0,0,0,2.3005,3.3262,0.5217,201,unavailable/all-zero-counter,pass,eed013958d8266391de2242f7398dcedf843571a,A45E275FACCB44C1DD32649B4767612B9361A6CF8AB14296E12F7AD760C65C2B
capped,1,600-799,5360,2659,17.2115,25.6855,0,0,0,2.5616,3.809,0.5976,219,unavailable/all-zero-counter,pass,eed013958d8266391de2242f7398dcedf843571a,A45E275FACCB44C1DD32649B4767612B9361A6CF8AB14296E12F7AD760C65C2B
capped,2,600-799,5354,2653,17.2826,26.7577,0,0,0,2.5677,3.7964,0.5913,219,unavailable/all-zero-counter,pass,eed013958d8266391de2242f7398dcedf843571a,A45E275FACCB44C1DD32649B4767612B9361A6CF8AB14296E12F7AD760C65C2B
capped,3,600-799,5344,2643,17.3421,27.0754,0,0,0,2.5664,3.7514,0.5924,219,unavailable/all-zero-counter,pass,eed013958d8266391de2242f7398dcedf843571a,A45E275FACCB44C1DD32649B4767612B9361A6CF8AB14296E12F7AD760C65C2B
capped,1,800+,2382,1181,17.1385,26.9987,0,0,0,2.8789,4.464,0.654,102,unavailable/all-zero-counter,pass,eed013958d8266391de2242f7398dcedf843571a,A45E275FACCB44C1DD32649B4767612B9361A6CF8AB14296E12F7AD760C65C2B
capped,2,800+,2383,1182,17.1476,25.9139,0,0,0,2.8987,4.5264,0.6619,102,unavailable/all-zero-counter,pass,eed013958d8266391de2242f7398dcedf843571a,A45E275FACCB44C1DD32649B4767612B9361A6CF8AB14296E12F7AD760C65C2B
capped,3,800+,2379,1178,17.2424,26.3771,0,0,0,2.8645,4.4948,0.6515,101,unavailable/all-zero-counter,pass,eed013958d8266391de2242f7398dcedf843571a,A45E275FACCB44C1DD32649B4767612B9361A6CF8AB14296E12F7AD760C65C2B
