"policy","peopleRule","movementMode","caseCount","deaths","fullDurationCensored","truncatedAlive","deathTimeMinSeconds","deathTimeMedianSeconds","deathTimeP95Seconds","before180","from180To359","from360To539","atLeast540"
"random","A","circuit","32","22","10","0","249.6","588.1500000000001","688.7333333333333","0","2","6","14"
"random","A","harvest","32","0","32","0","","","","0","0","0","0"
"random","A","evade","32","14","18","0","86.5","150.96666666666667","596.3333333333334","10","2","1","1"
"random","B","circuit","32","15","17","0","249.6","605.6666666666666","703.4","0","2","5","8"
"random","B","harvest","32","0","32","0","","","","0","0","0","0"
"random","B","evade","32","22","10","0","86.5","150.96666666666667","426.23333333333335","14","4","4","0"
"random","C","circuit","32","16","16","0","249.6","623.0166666666667","709.3333333333334","0","2","5","9"
"random","C","harvest","32","0","32","0","","","","0","0","0","0"
"random","C","evade","32","19","13","0","86.5","144.9","610.2666666666667","12","1","4","2"
