"policy","peopleRule","movementMode","caseCount","seedBlockCount","survived","survivalRate","truncatedAlive","meanReachedSeconds","meanLevel","meanCombatDamage"
"random","A","circuit","32","32","10","0.3125","0","606.9114583333334","29.09375","201585.25"
"random","A","harvest","32","32","32","1","0","720","29.625","223338.4375"
"random","A","evade","32","32","18","0.5625","0","488.1875","21.78125","135920.78125"
"random","B","circuit","32","32","17","0.53125","0","628.29375","36.375","339188.46875"
"random","B","harvest","32","32","32","1","0","720","31.3125","233397.6875"
"random","B","evade","32","32","10","0.3125","0","366.54270833333334","21.46875","119970"
"random","C","circuit","32","32","16","0.5","0","635.3718749999999","34.0625","304639.9375"
"random","C","harvest","32","32","32","1","0","720","31.5625","237555.125"
"random","C","evade","32","32","13","0.40625","0","436.6875","22.90625","150796.21875"
