"policy","peopleRule","kind","target","choices","totalChoices","choiceShare"
"weapon","A","weapon","none","1909","3124","0.6110755441741357"
"weapon","A","charter","none","836","3124","0.2676056338028169"
"weapon","A","tool","land","152","3124","0.04865556978233035"
"weapon","A","tool","people","172","3124","0.05505761843790013"
"weapon","A","tool","building","28","3124","0.008962868117797696"
"weapon","A","tool","mixed","27","3124","0.008642765685019206"
"weapon","B","weapon","none","2406","4620","0.5207792207792208"
"weapon","B","charter","none","1452","4620","0.3142857142857143"
"weapon","B","tool","land","370","4620","0.08008658008658008"
"weapon","B","tool","people","343","4620","0.07424242424242425"
"weapon","B","tool","building","27","4620","0.005844155844155844"
"weapon","B","tool","mixed","22","4620","0.004761904761904762"
"weapon","C","weapon","none","2336","4409","0.5298253572238603"
"weapon","C","charter","none","1299","4409","0.2946246314356997"
"weapon","C","tool","land","370","4409","0.0839192560671354"
"weapon","C","tool","people","356","4409","0.08074393286459515"
"weapon","C","tool","mixed","26","4409","0.005897028804717623"
"weapon","C","tool","building","22","4409","0.004989793603991835"
"land","A","tool","people","137","2124","0.06450094161958568"
"land","A","weapon","none","1011","2124","0.4759887005649718"
"land","A","tool","land","301","2124","0.14171374764595104"
"land","A","tool","mixed","65","2124","0.030602636534839925"
"land","A","charter","none","543","2124","0.2556497175141243"
"land","A","tool","building","67","2124","0.03154425612052731"
"land","B","tool","people","177","2197","0.08056440600819299"
"land","B","tool","land","392","2197","0.1784251251706873"
"land","B","weapon","none","960","2197","0.4369594902139281"
"land","B","charter","none","576","2197","0.26217569412835684"
"land","B","tool","mixed","49","2197","0.02230314064633591"
"land","B","tool","building","43","2197","0.01957214383249886"
"land","C","tool","people","176","2329","0.07556891369686561"
"land","C","tool","land","410","2329","0.17604121940747103"
"land","C","charter","none","607","2329","0.2606268784886217"
"land","C","tool","building","66","2329","0.028338342636324603"
"land","C","weapon","none","1006","2329","0.43194504079003865"
"land","C","tool","mixed","64","2329","0.027479604980678404"
"building","A","tool","people","124","2223","0.05578047683310841"
"building","A","weapon","none","900","2223","0.4048582995951417"
"building","A","tool","building","203","2223","0.09131803868645974"
"building","A","charter","none","675","2223","0.30364372469635625"
"building","A","tool","land","111","2223","0.04993252361673414"
"building","A","tool","mixed","210","2223","0.09446693657219973"
"building","B","tool","people","183","2278","0.08033362598770852"
"building","B","weapon","none","869","2278","0.38147497805092184"
"building","B","charter","none","725","2278","0.3182616330114135"
"building","B","tool","land","152","2278","0.06672519754170325"
"building","B","tool","building","185","2278","0.08121158911325724"
"building","B","tool","mixed","164","2278","0.07199297629499561"
"building","C","tool","people","167","2360","0.07076271186440677"
"building","C","tool","land","155","2360","0.06567796610169492"
"building","C","charter","none","744","2360","0.3152542372881356"
"building","C","tool","building","201","2360","0.08516949152542373"
"building","C","weapon","none","888","2360","0.376271186440678"
"building","C","tool","mixed","205","2360","0.08686440677966102"
"people","A","tool","people","268","2135","0.12552693208430912"
"people","A","weapon","none","849","2135","0.39765807962529276"
"people","A","tool","mixed","73","2135","0.034192037470725994"
"people","A","charter","none","767","2135","0.3592505854800937"
"people","A","tool","land","118","2135","0.05526932084309134"
"people","A","tool","building","60","2135","0.02810304449648712"
"people","B","tool","people","330","2196","0.15027322404371585"
"people","B","charter","none","853","2196","0.38843351548269583"
"people","B","weapon","none","796","2196","0.36247723132969034"
"people","B","tool","building","37","2196","0.016848816029143898"
"people","B","tool","land","130","2196","0.05919854280510018"
"people","B","tool","mixed","50","2196","0.022768670309653915"
"people","C","tool","people","331","2316","0.1429188255613126"
"people","C","tool","land","142","2316","0.0613126079447323"
"people","C","charter","none","912","2316","0.39378238341968913"
"people","C","tool","building","72","2316","0.031088082901554404"
"people","C","weapon","none","794","2316","0.34283246977547494"
"people","C","tool","mixed","65","2316","0.028065630397236616"
"mixed","A","tool","people","143","2131","0.0671046457062412"
"mixed","A","weapon","none","1064","2131","0.4992961051149695"
"mixed","A","tool","mixed","83","2131","0.03894885030502112"
"mixed","A","charter","none","597","2131","0.28015016424213984"
"mixed","A","tool","land","148","2131","0.06945096198967621"
"mixed","A","tool","building","96","2131","0.04504927264195214"
"mixed","B","tool","people","206","2197","0.09376422394173874"
"mixed","B","weapon","none","1058","2197","0.4815657715065999"
"mixed","B","charter","none","651","2197","0.29631315430132"
"mixed","B","tool","land","182","2197","0.08284023668639054"
"mixed","B","tool","building","61","2197","0.027765134274010013"
"mixed","B","tool","mixed","39","2197","0.01775147928994083"
"mixed","C","tool","people","213","2349","0.09067688378033206"
"mixed","C","tool","land","187","2349","0.07960834397616007"
"mixed","C","charter","none","710","2349","0.30225627926777354"
"mixed","C","tool","building","96","2349","0.04086845466155811"
"mixed","C","weapon","none","1041","2349","0.44316730523627074"
"mixed","C","tool","mixed","102","2349","0.04342273307790549"
"random","A","tool","people","143","2131","0.0671046457062412"
"random","A","weapon","none","1064","2131","0.4992961051149695"
"random","A","tool","mixed","83","2131","0.03894885030502112"
"random","A","charter","none","597","2131","0.28015016424213984"
"random","A","tool","land","148","2131","0.06945096198967621"
"random","A","tool","building","96","2131","0.04504927264195214"
"random","B","tool","people","206","2197","0.09376422394173874"
"random","B","weapon","none","1058","2197","0.4815657715065999"
"random","B","charter","none","651","2197","0.29631315430132"
"random","B","tool","land","182","2197","0.08284023668639054"
"random","B","tool","building","61","2197","0.027765134274010013"
"random","B","tool","mixed","39","2197","0.01775147928994083"
"random","C","tool","people","213","2349","0.09067688378033206"
"random","C","tool","land","187","2349","0.07960834397616007"
"random","C","charter","none","710","2349","0.30225627926777354"
"random","C","tool","building","96","2349","0.04086845466155811"
"random","C","weapon","none","1041","2349","0.44316730523627074"
"random","C","tool","mixed","102","2349","0.04342273307790549"
