"policy","peopleRule","endReason","deathCause","cases"
"weapon","A","duration","unknown","32"
"weapon","B","duration","unknown","32"
"weapon","C","duration","unknown","32"
"land","A","duration","unknown","32"
"land","B","duration","unknown","32"
"land","C","duration","unknown","32"
"building","A","duration","unknown","32"
"building","B","duration","unknown","32"
"building","C","duration","unknown","32"
"people","A","duration","unknown","32"
"people","B","duration","unknown","32"
"people","C","duration","unknown","32"
"mixed","A","duration","unknown","32"
"mixed","B","duration","unknown","32"
"mixed","C","duration","unknown","32"
"random","A","duration","unknown","32"
"random","B","duration","unknown","32"
"random","C","duration","unknown","32"
