"effectId","sourceId","sourceKind","operation","subject","unit","activationCount","appliedTotal","activeCases","totalCases","implementationNote"
"core:boundary_hinge_guard","core:boundary_hinge","item","guard-return","people","ticks","82625","7728000","205","576","S4 헤드리스 프로토타입: 건물 근처 귀환 완료 집단에 보호·정지 창을 적용해 노동 복귀를 지연한다. 실제 문 collider는 없다. runtimeProjection 수치만 실행하며 피해 계수와 기존 기획 문구 전체의 구현·균형·모바일 체감은 보증하지 않는다. 중첩 수에 비례해 Amount×DurationTicks만큼 군역/귀환 보호 시간을 늘리며 식량 비용은 실제 적용당 한 번 차감한다. 내부 시간 정수 범위 제한은 인벤토리 중첩 제한이 아니다."
"core:guarded_harvest_strike","core:guarded_harvest","charter","damage-pulse","weapon-front","health-points","173699","23489053","575","576","S4 헤드리스 프로토타입: 실제 수확 시 근접 무기를 보유하면 전방 피해12/반경900을 가하며 익은 밭 근처 일반 무기 공격 간격은6틱 늘어난다. 수확 예약 애니메이션은 없다. runtimeProjection 수치만 실행하며 피해 계수와 기존 기획 문구 전체의 구현·균형·모바일 체감은 보증하지 않는다."
"core:guarded_harvest_tempo_cost","core:guarded_harvest","charter","stat-add","attack-cooldown","ticks","661633","20216442","575","576","S4 헤드리스 프로토타입: 실제 수확 시 근접 무기를 보유하면 전방 피해12/반경900을 가하며 익은 밭 근처 일반 무기 공격 간격은6틱 늘어난다. 수확 예약 애니메이션은 없다. runtimeProjection 수치만 실행하며 피해 계수와 기존 기획 문구 전체의 구현·균형·모바일 체감은 보증하지 않는다."
"core:harvest_scythe_harvest","core:harvest_scythe","weapon","harvest-near","core:harvest_scythe","plots","157549","157549","576","576","S4 헤드리스 프로토타입: 공격할 때 반경700의 익은 밭 최대1개를 수확하며 반경500의 미숙 밭 최대1개 성장 진행을 잃게 한다. 개별 이삭의 시각적 검 충돌은 구현하지 않는다. runtimeProjection 수치만 실행하며 피해 계수와 기존 기획 문구 전체의 구현·균형·모바일 체감은 보증하지 않는다."
"core:harvest_scythe_young_cost","core:harvest_scythe","weapon","damage-young-plots","land","growth-progress-units","114474","15655709","576","576","S4 헤드리스 프로토타입: 공격할 때 반경700의 익은 밭 최대1개를 수확하며 반경500의 미숙 밭 최대1개 성장 진행을 잃게 한다. 개별 이삭의 시각적 검 충돌은 구현하지 않는다. runtimeProjection 수치만 실행하며 피해 계수와 기존 기획 문구 전체의 구현·균형·모바일 체감은 보증하지 않는다."
"core:joiner_square_front","core:joiner_square","item","stat-add","building-front-damage","health-points","62667","-238392","244","576","S4 헤드리스 프로토타입: 건물 공격 방향에 따라 정면 피해2 감소·후면 피해2 증가를 적용한다. 건축물 외형은 없다. runtimeProjection 수치만 실행하며 피해 계수와 기존 기획 문구 전체의 구현·균형·모바일 체감은 보증하지 않는다."
"core:joiner_square_rear_cost","core:joiner_square","item","stat-add","building-rear-damage","health-points","47669","169244","281","576","S4 헤드리스 프로토타입: 건물 공격 방향에 따라 정면 피해2 감소·후면 피해2 증가를 적용한다. 건축물 외형은 없다. runtimeProjection 수치만 실행하며 피해 계수와 기존 기획 문구 전체의 구현·균형·모바일 체감은 보증하지 않는다."
"core:levy_bread_wrap_duty","core:levy_bread_wrap","item","extend-duty","people","ticks","55623","11839920","372","576","S4 헤드리스 프로토타입: 실제 징집 때 식량2를 지불해 군역 시간을 늘린다. 운반 물품 렌더링은 없다. runtimeProjection 수치만 실행하며 피해 계수와 기존 기획 문구 전체의 구현·균형·모바일 체감은 보증하지 않는다. 중첩 수에 비례해 Amount×DurationTicks만큼 군역/귀환 보호 시간을 늘리며 식량 비용은 실제 적용당 한 번 차감한다. 내부 시간 정수 범위 제한은 인벤토리 중첩 제한이 아니다."
"core:meadow_buckle_seed_guard","core:meadow_buckle","item","stat-add","attack-damage","health-points","1212","10408","233","576","S4 헤드리스 프로토타입: 실제 근접 무기가 영지 안 씨앗 밭 근처에서 씨앗을 노리는 적에게 가하는 피해만4 증가한다. 조건 밖 이득은 없다. runtimeProjection 수치만 실행하며 피해 계수와 기존 기획 문구 전체의 구현·균형·모바일 체감은 보증하지 않는다."
"core:meal_oath_feed_workers","core:meal_oath","charter","worker-buff","people","ticks","402819","140970015","496","576","S4 헤드리스 프로토타입: 수확 시 식량2를 지불해 영지 안 일꾼 최대3명에게300틱 노동 강화를 적용한다. 식량 감소가 군사 모집 여력과 경쟁한다. 충성도 시스템은 없다. runtimeProjection 수치만 실행하며 피해 계수와 기존 기획 문구 전체의 구현·균형·모바일 체감은 보증하지 않는다."
"core:muster_roll_rest","core:muster_roll","item","stat-add","draft-min-rest","ticks","1311011","164080260","251","576","S4 헤드리스 프로토타입: 귀환한 백성의 재징집 전 최소 휴식 시간을60틱 늘려 즉시 소집 인원을 줄인다. 이미 귀환 중인 사람 제외는 원래 규칙이며 새 효과로 집계하지 않는다. runtimeProjection 수치만 실행하며 피해 계수와 기존 기획 문구 전체의 구현·균형·모바일 체감은 보증하지 않는다."
"core:rally_boundary_rally","core:rally_boundary","charter","rally-returners","people","ticks","898","116619","75","576","S4 헤드리스 프로토타입: 영주가 영지 경계를 넘을 때 반경1400의 귀환 집단 최대2개를90틱 방어 집결 상태로 묶어 전투하게 하며 밭 복귀는 지연한다. 길망은 모델링하지 않는다. runtimeProjection 수치만 실행하며 피해 계수와 기존 기획 문구 전체의 구현·균형·모바일 체감은 보증하지 않는다."
"core:repair_tithe_repair","core:repair_tithe","charter","repair-nearest","building","health-points","49318","1338351","327","576","S4 헤드리스 프로토타입: 수확 시 식량2를 실제 차감하고 반경1400의 손상 건물을12 수리한다. 정상 전투 건물의 유지와 징집용 식량이 경쟁한다. 대상이 없으면 소비하지 않는다. runtimeProjection 수치만 실행하며 피해 계수와 기존 기획 문구 전체의 구현·균형·모바일 체감은 보증하지 않는다."
"core:return_path_knot_waypoint","core:return_path_knot","item","return-via-building","building","rerouted-groups","28917","28917","119","576","S4 헤드리스 프로토타입: 귀환 시 가까운 건물을 중간 경유지로 삼아 노동 복귀 경로를 바꾼다. 익은 밭을 완전히 피하는 최적 경로라는 주장은 하지 않는다. runtimeProjection 수치만 실행하며 피해 계수와 기존 기획 문구 전체의 구현·균형·모바일 체감은 보증하지 않는다."
"core:root_binding_cord_linked_delay","core:root_binding_cord","item","pause-neighbor-growth","land","ticks","9791","2072075","301","576","S4 헤드리스 프로토타입: 파종 지점 가까운 밭에 일회 방어를 부여하되 실제 보호가 소모되면 인접 밭 성장을60틱 멈춘다. 원격 피해 전파 그래프는 없다. runtimeProjection 수치만 실행하며 피해 계수와 기존 기획 문구 전체의 구현·균형·모바일 체감은 보증하지 않는다."
"core:root_binding_cord_shield","core:root_binding_cord","item","shield-farms","land","shield-charges","20321","144471","491","576","S4 헤드리스 프로토타입: 파종 지점 가까운 밭에 일회 방어를 부여하되 실제 보호가 소모되면 인접 밭 성장을60틱 멈춘다. 원격 피해 전파 그래프는 없다. runtimeProjection 수치만 실행하며 피해 계수와 기존 기획 문구 전체의 구현·균형·모바일 체감은 보증하지 않는다."
"core:ruin_keystone_rebuild","core:ruin_keystone","item","stat-add","repair-amount","health-points","261","4152","76","576","S4 헤드리스 프로토타입: 폐허의 첫 재건 작업에만 수리량8을 추가한다. 정상 건물이나 새 터는 이득이 없다. runtimeProjection 수치만 실행하며 피해 계수와 기존 기획 문구 전체의 구현·균형·모바일 체감은 보증하지 않는다."
"core:scaffold_step_draft_cost","core:scaffold_step","item","stat-add","draft-speed","position-units","76047515","-129947946","293","576","S4 헤드리스 프로토타입: 건물 근처 일꾼 이동은1 증가하고 징집 이동은1 감소한다. 발판 mesh는 없다. runtimeProjection 수치만 실행하며 피해 계수와 기존 기획 문구 전체의 구현·균형·모바일 체감은 보증하지 않는다."
"core:scaffold_step_worker_speed","core:scaffold_step","item","stat-add","worker-speed","position-units","28412814","49022539","219","576","S4 헤드리스 프로토타입: 건물 근처 일꾼 이동은1 증가하고 징집 이동은1 감소한다. 발판 mesh는 없다. runtimeProjection 수치만 실행하며 피해 계수와 기존 기획 문구 전체의 구현·균형·모바일 체감은 보증하지 않는다."
"core:seed_pouch_lining_edge","core:seed_pouch_lining","item","planting-bias","existing-edge","position-units","99873","9436146","537","576","S4 헤드리스 프로토타입: 파종 위치를 기존 밭 가장자리 쪽으로 최대120 이동시켜 새 방향 확장을 줄인다. 위치·간격 제한으로 실패하면 공짜 밭은 생성하지 않는다. runtimeProjection 수치만 실행하며 피해 계수와 기존 기획 문구 전체의 구현·균형·모바일 체감은 보증하지 않는다."
"core:sheltered_sowing_shelter","core:sheltered_sowing","evolution","shield-farms","land","shield-charges","27991","155522","344","576","S4 헤드리스 프로토타입: 씨앗 자루와 목수 망치 모두 보유해야 활성화된다. 실제 수리한 건물 주변 반경900 밭에300틱 동안 일회 보호를 부여한다. 영지 전체 무적이 아니다. runtimeProjection 수치만 실행하며 피해 계수와 기존 기획 문구 전체의 구현·균형·모바일 체감은 보증하지 않는다."
"core:shock_absorber_pad_knockback_cost","core:shock_absorber_pad","item","stat-add","attack-knockback","position-units","223","-3770","54","576","S4 헤드리스 프로토타입: 목수 망치가 건물 근처에서 수리할 때 수리량4 증가, 같은 위치의 공격 밀치기는10 감소한다. runtimeProjection 수치만 실행하며 피해 계수와 기존 기획 문구 전체의 구현·균형·모바일 체감은 보증하지 않는다."
"core:shock_absorber_pad_repair","core:shock_absorber_pad","item","stat-add","repair-amount","health-points","3182","16804","168","576","S4 헤드리스 프로토타입: 목수 망치가 건물 근처에서 수리할 때 수리량4 증가, 같은 위치의 공격 밀치기는10 감소한다. runtimeProjection 수치만 실행하며 피해 계수와 기존 기획 문구 전체의 구현·균형·모바일 체감은 보증하지 않는다."
"core:sowing_sworddance_line","core:sowing_sworddance","evolution","plant-path","core:seed_bag","plots","2385","2385","452","576","S4 헤드리스 프로토타입: 철검과 씨앗 자루를 모두 보유해야 활성화된다. 검의 실제 공격 대상까지 선을 따라 밭 최대1개를 생성하고 씨앗 자루에 귀속한다. 적 없는 공격은 생성하지 않는다. runtimeProjection 수치만 실행하며 피해 계수와 기존 기획 문구 전체의 구현·균형·모바일 체감은 보증하지 않는다."
"core:wind_seed_flag_inward","core:wind_seed_flag","item","planting-bias","estate-inward","position-units","306230","76287782","537","576","S4 헤드리스 프로토타입: 파종 위치를 영지 안쪽으로 최대120 이동시켜 안전한 내부와 외부 빈 공간의 교환을 만든다. 곡선 탄도는 없다. runtimeProjection 수치만 실행하며 피해 계수와 기존 기획 문구 전체의 구현·균형·모바일 체감은 보증하지 않는다."
