"policy","peopleRule","sourceKind","events","quantity","foodPaid"
"weapon","A","chest","381","381","0"
"weapon","A","market","147","147","294"
"weapon","A","cart","235","235","0"
"weapon","B","chest","420","420","0"
"weapon","B","market","147","147","294"
"weapon","B","cart","200","200","0"
"weapon","C","chest","377","377","0"
"weapon","C","cart","235","235","0"
"weapon","C","market","152","152","304"
"land","A","chest","387","387","0"
"land","A","market","142","142","284"
"land","A","cart","233","233","0"
"land","B","chest","375","375","0"
"land","B","market","147","147","294"
"land","B","cart","218","218","0"
"land","C","chest","378","378","0"
"land","C","market","144","144","288"
"land","C","cart","235","235","0"
"building","A","chest","349","349","0"
"building","A","market","170","170","340"
"building","A","cart","244","244","0"
"building","B","chest","381","381","0"
"building","B","market","147","147","294"
"building","B","cart","210","210","0"
"building","C","chest","387","387","0"
"building","C","market","166","166","332"
"building","C","cart","205","205","0"
"people","A","chest","375","375","0"
"people","A","market","168","168","336"
"people","A","cart","218","218","0"
"people","B","chest","374","374","0"
"people","B","market","142","142","284"
"people","B","cart","224","224","0"
"people","C","chest","376","376","0"
"people","C","market","148","148","296"
"people","C","cart","231","231","0"
"mixed","A","chest","369","369","0"
"mixed","A","market","166","166","332"
"mixed","A","cart","230","230","0"
"mixed","B","chest","383","383","0"
"mixed","B","market","160","160","320"
"mixed","B","cart","203","203","0"
"mixed","C","chest","376","376","0"
"mixed","C","market","160","160","320"
"mixed","C","cart","221","221","0"
"random","A","chest","369","369","0"
"random","A","market","166","166","332"
"random","A","cart","230","230","0"
"random","B","chest","383","383","0"
"random","B","market","160","160","320"
"random","B","cart","203","203","0"
"random","C","chest","376","376","0"
"random","C","market","160","160","320"
"random","C","cart","221","221","0"
