"policy","peopleRule","n","survived","survivalRate","truncatedAlive","meanReachedSeconds","medianReachedSeconds","meanLevel","xpCases","meanKillShare","meanHarvestShare","meanTaxShare","harvestShareP25","harvestShareP75","pooledHarvestShare","meanEstateRatio","crossoverCases","medianCrossoverSeconds","medianCrossoverRunFraction"
"weapon","A","32","32","1","0","720","720","98.625","32","0.5977217914839417","0.35990590054114","0.04237230797491826","0.34625531064808074","0.3742924361040869","0.36290604785090835","0.9608159722222223","30","40","0.05555555555555555"
"weapon","B","32","32","1","0","720","720","145.375","32","0.3844000965770511","0.5973935001989101","0.01820640322403868","0.5897636687814534","0.6327664918043745","0.604163838514251","0.9572048611111112","27","30","0.041666666666666664"
"weapon","C","32","32","1","0","720","720","138.78125","32","0.40840806205743835","0.5690608220208218","0.022531115921740116","0.5470406759489322","0.6062765096896283","0.5740651797532795","0.9541594328703703","27","30","0.041666666666666664"
"land","A","32","32","1","0","720","720","67.375","32","0.6664915404237995","0.21241484068086527","0.12109361889533496","0.18451266075322614","0.23660405029031645","0.21047867980595433","0.9965162037037036","32","30","0.041666666666666664"
"land","B","32","32","1","0","720","720","69.65625","32","0.6307420410486251","0.2954636606856073","0.07379429826576733","0.2713399357455344","0.3299704676333006","0.2958196281618922","0.9993677662037036","32","30","0.041666666666666664"
"land","C","32","32","1","0","720","720","73.78125","32","0.5748811600304133","0.32035041060938274","0.10476842936020377","0.2709546486885676","0.37339182844331475","0.32058590439576845","0.9974537037037038","32","30","0.041666666666666664"
"building","A","32","32","1","0","720","720","70.46875","32","0.6088036825618193","0.20769987131554127","0.18349644612263943","0.18938002142803356","0.22138024255914412","0.20818925807452734","0.9965798611111111","32","30","0.041666666666666664"
"building","B","32","32","1","0","720","720","72.1875","32","0.5879635554170938","0.277481213471823","0.13455523111108314","0.24551689352834777","0.30118169912370274","0.2783320520464186","0.9988194444444444","32","30","0.041666666666666664"
"building","C","32","32","1","0","720","720","74.75","32","0.5570608740410353","0.2910562507111802","0.15188287524778454","0.2255218398867777","0.3491716062723953","0.29545377201449013","0.9919256365740741","32","30","0.041666666666666664"
"people","A","32","32","1","0","720","720","67.71875","32","0.6539059627823588","0.21843966386698332","0.12765437335065807","0.1884252610839508","0.2625212166949755","0.21637814198242764","0.9945529513888889","32","30","0.041666666666666664"
"people","B","32","32","1","0","720","720","69.625","32","0.6212145863609194","0.3014071749680146","0.07737823867106595","0.2624288483139201","0.34062816837693716","0.3028839198561948","0.9994733796296296","32","30","0.041666666666666664"
"people","C","32","32","1","0","720","720","73.375","32","0.571877385284496","0.32090842794267066","0.10721418677283329","0.27005714108898393","0.3667259236046911","0.32123357289989474","0.9968909143518518","32","30","0.041666666666666664"
"mixed","A","32","32","1","0","720","720","67.59375","32","0.6586528794691507","0.20662009311151205","0.13472702741933723","0.16897311269941712","0.24489120903510156","0.20536968835780056","0.9968229166666667","32","30","0.041666666666666664"
"mixed","B","32","32","1","0","720","720","69.65625","32","0.6304078001896675","0.29992559560678644","0.06966660420354605","0.2752197869865557","0.3255625625849646","0.30101526300312503","0.9994733796296296","32","30","0.041666666666666664"
"mixed","C","32","32","1","0","720","720","74.40625","32","0.5674528143058963","0.3191292228383701","0.11341796285573359","0.26836416818066133","0.3635516441548647","0.3213071124441677","0.9973292824074074","32","30","0.041666666666666664"
"random","A","32","32","1","0","720","720","67.59375","32","0.6586528794691507","0.20662009311151205","0.13472702741933723","0.16897311269941712","0.24489120903510156","0.20536968835780056","0.9968229166666667","32","30","0.041666666666666664"
"random","B","32","32","1","0","720","720","69.65625","32","0.6304078001896675","0.29992559560678644","0.06966660420354605","0.2752197869865557","0.3255625625849646","0.30101526300312503","0.9994733796296296","32","30","0.041666666666666664"
"random","C","32","32","1","0","720","720","74.40625","32","0.5674528143058963","0.3191292228383701","0.11341796285573359","0.26836416818066133","0.3635516441548647","0.3213071124441677","0.9973292824074074","32","30","0.041666666666666664"
