"peopleRule","seed","cofirstPoliciesJson","cofirstCount"
"A","42","[""weapon""]","1"
"A","43","[""weapon""]","1"
"A","44","[""weapon""]","1"
"A","45","[""weapon""]","1"
"A","46","[""weapon""]","1"
"A","47","[""weapon""]","1"
"A","48","[""weapon""]","1"
"A","49","[""weapon""]","1"
"A","50","[""weapon""]","1"
"A","51","[""weapon""]","1"
"A","52","[""weapon""]","1"
"A","53","[""weapon""]","1"
"A","54","[""weapon""]","1"
"A","55","[""weapon""]","1"
"A","56","[""weapon""]","1"
"A","57","[""weapon""]","1"
"A","58","[""weapon""]","1"
"A","59","[""weapon""]","1"
"A","60","[""weapon""]","1"
"A","61","[""weapon""]","1"
"A","62","[""weapon""]","1"
"A","63","[""weapon""]","1"
"A","64","[""weapon""]","1"
"A","65","[""weapon""]","1"
"A","66","[""weapon""]","1"
"A","67","[""weapon""]","1"
"A","68","[""weapon""]","1"
"A","69","[""weapon""]","1"
"A","70","[""weapon""]","1"
"A","71","[""weapon""]","1"
"A","72","[""weapon""]","1"
"A","73","[""weapon""]","1"
"B","42","[""weapon""]","1"
"B","43","[""weapon""]","1"
"B","44","[""weapon""]","1"
"B","45","[""weapon""]","1"
"B","46","[""weapon""]","1"
"B","47","[""weapon""]","1"
"B","48","[""weapon""]","1"
"B","49","[""weapon""]","1"
"B","50","[""weapon""]","1"
"B","51","[""weapon""]","1"
"B","52","[""weapon""]","1"
"B","53","[""weapon""]","1"
"B","54","[""weapon""]","1"
"B","55","[""weapon""]","1"
"B","56","[""weapon""]","1"
"B","57","[""weapon""]","1"
"B","58","[""weapon""]","1"
"B","59","[""weapon""]","1"
"B","60","[""weapon""]","1"
"B","61","[""weapon""]","1"
"B","62","[""weapon""]","1"
"B","63","[""weapon""]","1"
"B","64","[""weapon""]","1"
"B","65","[""weapon""]","1"
"B","66","[""weapon""]","1"
"B","67","[""weapon""]","1"
"B","68","[""weapon""]","1"
"B","69","[""weapon""]","1"
"B","70","[""weapon""]","1"
"B","71","[""weapon""]","1"
"B","72","[""weapon""]","1"
"B","73","[""weapon""]","1"
"C","42","[""weapon""]","1"
"C","43","[""weapon""]","1"
"C","44","[""weapon""]","1"
"C","45","[""weapon""]","1"
"C","46","[""weapon""]","1"
"C","47","[""weapon""]","1"
"C","48","[""weapon""]","1"
"C","49","[""weapon""]","1"
"C","50","[""weapon""]","1"
"C","51","[""weapon""]","1"
"C","52","[""weapon""]","1"
"C","53","[""weapon""]","1"
"C","54","[""weapon""]","1"
"C","55","[""weapon""]","1"
"C","56","[""weapon""]","1"
"C","57","[""weapon""]","1"
"C","58","[""weapon""]","1"
"C","59","[""weapon""]","1"
"C","60","[""weapon""]","1"
"C","61","[""weapon""]","1"
"C","62","[""weapon""]","1"
"C","63","[""weapon""]","1"
"C","64","[""weapon""]","1"
"C","65","[""weapon""]","1"
"C","66","[""weapon""]","1"
"C","67","[""weapon""]","1"
"C","68","[""weapon""]","1"
"C","69","[""weapon""]","1"
"C","70","[""weapon""]","1"
"C","71","[""weapon""]","1"
"C","72","[""weapon""]","1"
"C","73","[""weapon""]","1"
